.Ipsm.Ibrquad.I_rqtr.I0.I34.I10.I_enjoint.I_jcb,211,208
.Ipsm.Ibrquad.I_rqtr.I0.I34.I10.I_hilojoint.I_jcb,210,208
.Ipsm.Ibrquad.I_rqtr.I0.I34.I6.I_enjoint.I_jcb,231,208
.Ipsm.Ibrquad.I_rqtr.I0.I34.I6.I_hilojoint.I_jcb,230,208
.Ipsm.Ibrquad.I_rqtr.I0.I34.I7.I_enjoint.I_jcb,226,208
.Ipsm.Ibrquad.I_rqtr.I0.I34.I7.I_hilojoint.I_jcb,225,208
.Ipsm.Ibrquad.I_rqtr.I0.I34.I8.I_enjoint.I_jcb,220,208
.Ipsm.Ibrquad.I_rqtr.I0.I34.I8.I_hilojoint.I_jcb,219,208
.Ipsm.Ibrquad.I_rqtr.I0.I34.I9.I_enjoint.I_jcb,216,208
.Ipsm.Ibrquad.I_rqtr.I0.I34.I9.I_hilojoint.I_jcb,215,208
.Ipsm.Ibrquad.I_rqtr.I0.I35.I10.I_enjoint.I_jcb,237,208
.Ipsm.Ibrquad.I_rqtr.I0.I35.I10.I_hilojoint.I_jcb,236,208
.Ipsm.Ibrquad.I_rqtr.I0.I35.I6.I_enjoint.I_jcb,257,208
.Ipsm.Ibrquad.I_rqtr.I0.I35.I6.I_hilojoint.I_jcb,256,208
.Ipsm.Ibrquad.I_rqtr.I0.I35.I7.I_enjoint.I_jcb,252,208
.Ipsm.Ibrquad.I_rqtr.I0.I35.I7.I_hilojoint.I_jcb,251,208
.Ipsm.Ibrquad.I_rqtr.I0.I35.I8.I_enjoint.I_jcb,246,208
.Ipsm.Ibrquad.I_rqtr.I0.I35.I8.I_hilojoint.I_jcb,245,208
.Ipsm.Ibrquad.I_rqtr.I0.I35.I9.I_enjoint.I_jcb,242,208
.Ipsm.Ibrquad.I_rqtr.I0.I35.I9.I_hilojoint.I_jcb,241,208
.Ipsm.Ibrquad.I_rqtr.I0.I36.I10.I_enjoint.I_jcb,289,208
.Ipsm.Ibrquad.I_rqtr.I0.I36.I10.I_hilojoint.I_jcb,288,208
.Ipsm.Ibrquad.I_rqtr.I0.I36.I6.I_enjoint.I_jcb,309,208
.Ipsm.Ibrquad.I_rqtr.I0.I36.I6.I_hilojoint.I_jcb,308,208
.Ipsm.Ibrquad.I_rqtr.I0.I36.I7.I_enjoint.I_jcb,304,208
.Ipsm.Ibrquad.I_rqtr.I0.I36.I7.I_hilojoint.I_jcb,303,208
.Ipsm.Ibrquad.I_rqtr.I0.I36.I8.I_enjoint.I_jcb,298,208
.Ipsm.Ibrquad.I_rqtr.I0.I36.I8.I_hilojoint.I_jcb,297,208
.Ipsm.Ibrquad.I_rqtr.I0.I36.I9.I_enjoint.I_jcb,294,208
.Ipsm.Ibrquad.I_rqtr.I0.I36.I9.I_hilojoint.I_jcb,293,208
.Ipsm.Ibrquad.I_rqtr.I0.I37.I10.I_enjoint.I_jcb,263,208
.Ipsm.Ibrquad.I_rqtr.I0.I37.I10.I_hilojoint.I_jcb,262,208
.Ipsm.Ibrquad.I_rqtr.I0.I37.I6.I_enjoint.I_jcb,283,208
.Ipsm.Ibrquad.I_rqtr.I0.I37.I6.I_hilojoint.I_jcb,282,208
.Ipsm.Ibrquad.I_rqtr.I0.I37.I7.I_enjoint.I_jcb,278,208
.Ipsm.Ibrquad.I_rqtr.I0.I37.I7.I_hilojoint.I_jcb,277,208
.Ipsm.Ibrquad.I_rqtr.I0.I37.I8.I_enjoint.I_jcb,272,208
.Ipsm.Ibrquad.I_rqtr.I0.I37.I8.I_hilojoint.I_jcb,271,208
.Ipsm.Ibrquad.I_rqtr.I0.I37.I9.I_enjoint.I_jcb,268,208
.Ipsm.Ibrquad.I_rqtr.I0.I37.I9.I_hilojoint.I_jcb,267,208
.Ipsm.Ibrquad.I_rqtr.I3.I34.I10.I_enjoint.I_jcb,107,208
.Ipsm.Ibrquad.I_rqtr.I3.I34.I10.I_hilojoint.I_jcb,106,208
.Ipsm.Ibrquad.I_rqtr.I3.I34.I6.I_enjoint.I_jcb,127,208
.Ipsm.Ibrquad.I_rqtr.I3.I34.I6.I_hilojoint.I_jcb,126,208
.Ipsm.Ibrquad.I_rqtr.I3.I34.I7.I_enjoint.I_jcb,122,208
.Ipsm.Ibrquad.I_rqtr.I3.I34.I7.I_hilojoint.I_jcb,121,208
.Ipsm.Ibrquad.I_rqtr.I3.I34.I8.I_enjoint.I_jcb,116,208
.Ipsm.Ibrquad.I_rqtr.I3.I34.I8.I_hilojoint.I_jcb,115,208
.Ipsm.Ibrquad.I_rqtr.I3.I34.I9.I_enjoint.I_jcb,112,208
.Ipsm.Ibrquad.I_rqtr.I3.I34.I9.I_hilojoint.I_jcb,111,208
.Ipsm.Ibrquad.I_rqtr.I3.I35.I10.I_enjoint.I_jcb,133,208
.Ipsm.Ibrquad.I_rqtr.I3.I35.I10.I_hilojoint.I_jcb,132,208
.Ipsm.Ibrquad.I_rqtr.I3.I35.I6.I_enjoint.I_jcb,153,208
.Ipsm.Ibrquad.I_rqtr.I3.I35.I6.I_hilojoint.I_jcb,152,208
.Ipsm.Ibrquad.I_rqtr.I3.I35.I7.I_enjoint.I_jcb,148,208
.Ipsm.Ibrquad.I_rqtr.I3.I35.I7.I_hilojoint.I_jcb,147,208
.Ipsm.Ibrquad.I_rqtr.I3.I35.I8.I_enjoint.I_jcb,142,208
.Ipsm.Ibrquad.I_rqtr.I3.I35.I8.I_hilojoint.I_jcb,141,208
.Ipsm.Ibrquad.I_rqtr.I3.I35.I9.I_enjoint.I_jcb,138,208
.Ipsm.Ibrquad.I_rqtr.I3.I35.I9.I_hilojoint.I_jcb,137,208
.Ipsm.Ibrquad.I_rqtr.I3.I36.I10.I_enjoint.I_jcb,185,208
.Ipsm.Ibrquad.I_rqtr.I3.I36.I10.I_hilojoint.I_jcb,184,208
.Ipsm.Ibrquad.I_rqtr.I3.I36.I6.I_enjoint.I_jcb,205,208
.Ipsm.Ibrquad.I_rqtr.I3.I36.I6.I_hilojoint.I_jcb,204,208
.Ipsm.Ibrquad.I_rqtr.I3.I36.I7.I_enjoint.I_jcb,200,208
.Ipsm.Ibrquad.I_rqtr.I3.I36.I7.I_hilojoint.I_jcb,199,208
.Ipsm.Ibrquad.I_rqtr.I3.I36.I8.I_enjoint.I_jcb,194,208
.Ipsm.Ibrquad.I_rqtr.I3.I36.I8.I_hilojoint.I_jcb,193,208
.Ipsm.Ibrquad.I_rqtr.I3.I36.I9.I_enjoint.I_jcb,190,208
.Ipsm.Ibrquad.I_rqtr.I3.I36.I9.I_hilojoint.I_jcb,189,208
.Ipsm.Ibrquad.I_rqtr.I3.I37.I10.I_enjoint.I_jcb,159,208
.Ipsm.Ibrquad.I_rqtr.I3.I37.I10.I_hilojoint.I_jcb,158,208
.Ipsm.Ibrquad.I_rqtr.I3.I37.I6.I_enjoint.I_jcb,179,208
.Ipsm.Ibrquad.I_rqtr.I3.I37.I6.I_hilojoint.I_jcb,178,208
.Ipsm.Ibrquad.I_rqtr.I3.I37.I7.I_enjoint.I_jcb,174,208
.Ipsm.Ibrquad.I_rqtr.I3.I37.I7.I_hilojoint.I_jcb,173,208
.Ipsm.Ibrquad.I_rqtr.I3.I37.I8.I_enjoint.I_jcb,168,208
.Ipsm.Ibrquad.I_rqtr.I3.I37.I8.I_hilojoint.I_jcb,167,208
.Ipsm.Ibrquad.I_rqtr.I3.I37.I9.I_enjoint.I_jcb,164,208
.Ipsm.Ibrquad.I_rqtr.I3.I37.I9.I_hilojoint.I_jcb,163,208
.Ipsm.Ibrquad.I_rqtr.I5.I34.I10.I_enjoint.I_jcb,315,208
.Ipsm.Ibrquad.I_rqtr.I5.I34.I10.I_hilojoint.I_jcb,314,208
.Ipsm.Ibrquad.I_rqtr.I5.I34.I6.I_enjoint.I_jcb,335,208
.Ipsm.Ibrquad.I_rqtr.I5.I34.I6.I_hilojoint.I_jcb,334,208
.Ipsm.Ibrquad.I_rqtr.I5.I34.I7.I_enjoint.I_jcb,330,208
.Ipsm.Ibrquad.I_rqtr.I5.I34.I7.I_hilojoint.I_jcb,329,208
.Ipsm.Ibrquad.I_rqtr.I5.I34.I8.I_enjoint.I_jcb,324,208
.Ipsm.Ibrquad.I_rqtr.I5.I34.I8.I_hilojoint.I_jcb,323,208
.Ipsm.Ibrquad.I_rqtr.I5.I34.I9.I_enjoint.I_jcb,320,208
.Ipsm.Ibrquad.I_rqtr.I5.I34.I9.I_hilojoint.I_jcb,319,208
.Ipsm.Ibrquad.I_rqtr.I5.I35.I10.I_enjoint.I_jcb,341,208
.Ipsm.Ibrquad.I_rqtr.I5.I35.I10.I_hilojoint.I_jcb,340,208
.Ipsm.Ibrquad.I_rqtr.I5.I35.I6.I_enjoint.I_jcb,361,208
.Ipsm.Ibrquad.I_rqtr.I5.I35.I6.I_hilojoint.I_jcb,360,208
.Ipsm.Ibrquad.I_rqtr.I5.I35.I7.I_enjoint.I_jcb,356,208
.Ipsm.Ibrquad.I_rqtr.I5.I35.I7.I_hilojoint.I_jcb,355,208
.Ipsm.Ibrquad.I_rqtr.I5.I35.I8.I_enjoint.I_jcb,350,208
.Ipsm.Ibrquad.I_rqtr.I5.I35.I8.I_hilojoint.I_jcb,349,208
.Ipsm.Ibrquad.I_rqtr.I5.I35.I9.I_enjoint.I_jcb,346,208
.Ipsm.Ibrquad.I_rqtr.I5.I35.I9.I_hilojoint.I_jcb,345,208
.Ipsm.Ibrquad.I_rqtr.I5.I36.I10.I_enjoint.I_jcb,393,208
.Ipsm.Ibrquad.I_rqtr.I5.I36.I10.I_hilojoint.I_jcb,392,208
.Ipsm.Ibrquad.I_rqtr.I5.I36.I6.I_enjoint.I_jcb,413,208
.Ipsm.Ibrquad.I_rqtr.I5.I36.I6.I_hilojoint.I_jcb,412,208
.Ipsm.Ibrquad.I_rqtr.I5.I36.I7.I_enjoint.I_jcb,408,208
.Ipsm.Ibrquad.I_rqtr.I5.I36.I7.I_hilojoint.I_jcb,407,208
.Ipsm.Ibrquad.I_rqtr.I5.I36.I8.I_enjoint.I_jcb,402,208
.Ipsm.Ibrquad.I_rqtr.I5.I36.I8.I_hilojoint.I_jcb,401,208
.Ipsm.Ibrquad.I_rqtr.I5.I36.I9.I_enjoint.I_jcb,398,208
.Ipsm.Ibrquad.I_rqtr.I5.I36.I9.I_hilojoint.I_jcb,397,208
.Ipsm.Ibrquad.I_rqtr.I5.I37.I10.I_enjoint.I_jcb,367,208
.Ipsm.Ibrquad.I_rqtr.I5.I37.I10.I_hilojoint.I_jcb,366,208
.Ipsm.Ibrquad.I_rqtr.I5.I37.I6.I_enjoint.I_jcb,387,208
.Ipsm.Ibrquad.I_rqtr.I5.I37.I6.I_hilojoint.I_jcb,386,208
.Ipsm.Ibrquad.I_rqtr.I5.I37.I7.I_enjoint.I_jcb,382,208
.Ipsm.Ibrquad.I_rqtr.I5.I37.I7.I_hilojoint.I_jcb,381,208
.Ipsm.Ibrquad.I_rqtr.I5.I37.I8.I_enjoint.I_jcb,376,208
.Ipsm.Ibrquad.I_rqtr.I5.I37.I8.I_hilojoint.I_jcb,375,208
.Ipsm.Ibrquad.I_rqtr.I5.I37.I9.I_enjoint.I_jcb,372,208
.Ipsm.Ibrquad.I_rqtr.I5.I37.I9.I_hilojoint.I_jcb,371,208
.Ipsm.Ibrquad.I_rqtr.I7.I10.I_enjoint.I_jcb,419,208
.Ipsm.Ibrquad.I_rqtr.I7.I10.I_hilojoint.I_jcb,418,208
.Ipsm.Ibrquad.I_rqtr.I7.I6.I_enjoint.I_jcb,439,208
.Ipsm.Ibrquad.I_rqtr.I7.I6.I_hilojoint.I_jcb,438,208
.Ipsm.Ibrquad.I_rqtr.I7.I7.I_enjoint.I_jcb,434,208
.Ipsm.Ibrquad.I_rqtr.I7.I7.I_hilojoint.I_jcb,433,208
.Ipsm.Ibrquad.I_rqtr.I7.I8.I_enjoint.I_jcb,428,208
.Ipsm.Ibrquad.I_rqtr.I7.I8.I_hilojoint.I_jcb,427,208
.Ipsm.Ibrquad.I_rqtr.I7.I9.I_enjoint.I_jcb,424,208
.Ipsm.Ibrquad.I_rqtr.I7.I9.I_hilojoint.I_jcb,423,208
.Ipsm.Ibrquad.I_rqtr.I8.I34.I10.I_enjoint.I_jcb,3,208
.Ipsm.Ibrquad.I_rqtr.I8.I34.I10.I_hilojoint.I_jcb,2,208
.Ipsm.Ibrquad.I_rqtr.I8.I34.I6.I_enjoint.I_jcb,23,208
.Ipsm.Ibrquad.I_rqtr.I8.I34.I6.I_hilojoint.I_jcb,22,208
.Ipsm.Ibrquad.I_rqtr.I8.I34.I7.I_enjoint.I_jcb,18,208
.Ipsm.Ibrquad.I_rqtr.I8.I34.I7.I_hilojoint.I_jcb,17,208
.Ipsm.Ibrquad.I_rqtr.I8.I34.I8.I_enjoint.I_jcb,12,208
.Ipsm.Ibrquad.I_rqtr.I8.I34.I8.I_hilojoint.I_jcb,11,208
.Ipsm.Ibrquad.I_rqtr.I8.I34.I9.I_enjoint.I_jcb,8,208
.Ipsm.Ibrquad.I_rqtr.I8.I34.I9.I_hilojoint.I_jcb,7,208
.Ipsm.Ibrquad.I_rqtr.I8.I35.I10.I_enjoint.I_jcb,29,208
.Ipsm.Ibrquad.I_rqtr.I8.I35.I10.I_hilojoint.I_jcb,28,208
.Ipsm.Ibrquad.I_rqtr.I8.I35.I6.I_enjoint.I_jcb,49,208
.Ipsm.Ibrquad.I_rqtr.I8.I35.I6.I_hilojoint.I_jcb,48,208
.Ipsm.Ibrquad.I_rqtr.I8.I35.I7.I_enjoint.I_jcb,44,208
.Ipsm.Ibrquad.I_rqtr.I8.I35.I7.I_hilojoint.I_jcb,43,208
.Ipsm.Ibrquad.I_rqtr.I8.I35.I8.I_enjoint.I_jcb,38,208
.Ipsm.Ibrquad.I_rqtr.I8.I35.I8.I_hilojoint.I_jcb,37,208
.Ipsm.Ibrquad.I_rqtr.I8.I35.I9.I_enjoint.I_jcb,34,208
.Ipsm.Ibrquad.I_rqtr.I8.I35.I9.I_hilojoint.I_jcb,33,208
.Ipsm.Ibrquad.I_rqtr.I8.I36.I10.I_enjoint.I_jcb,81,208
.Ipsm.Ibrquad.I_rqtr.I8.I36.I10.I_hilojoint.I_jcb,80,208
.Ipsm.Ibrquad.I_rqtr.I8.I36.I6.I_enjoint.I_jcb,101,208
.Ipsm.Ibrquad.I_rqtr.I8.I36.I6.I_hilojoint.I_jcb,100,208
.Ipsm.Ibrquad.I_rqtr.I8.I36.I7.I_enjoint.I_jcb,96,208
.Ipsm.Ibrquad.I_rqtr.I8.I36.I7.I_hilojoint.I_jcb,95,208
.Ipsm.Ibrquad.I_rqtr.I8.I36.I8.I_enjoint.I_jcb,90,208
.Ipsm.Ibrquad.I_rqtr.I8.I36.I8.I_hilojoint.I_jcb,89,208
.Ipsm.Ibrquad.I_rqtr.I8.I36.I9.I_enjoint.I_jcb,86,208
.Ipsm.Ibrquad.I_rqtr.I8.I36.I9.I_hilojoint.I_jcb,85,208
.Ipsm.Ibrquad.I_rqtr.I8.I37.I10.I_enjoint.I_jcb,55,208
.Ipsm.Ibrquad.I_rqtr.I8.I37.I10.I_hilojoint.I_jcb,54,208
.Ipsm.Ibrquad.I_rqtr.I8.I37.I6.I_enjoint.I_jcb,75,208
.Ipsm.Ibrquad.I_rqtr.I8.I37.I6.I_hilojoint.I_jcb,74,208
.Ipsm.Ibrquad.I_rqtr.I8.I37.I7.I_enjoint.I_jcb,70,208
.Ipsm.Ibrquad.I_rqtr.I8.I37.I7.I_hilojoint.I_jcb,69,208
.Ipsm.Ibrquad.I_rqtr.I8.I37.I8.I_enjoint.I_jcb,64,208
.Ipsm.Ibrquad.I_rqtr.I8.I37.I8.I_hilojoint.I_jcb,63,208
.Ipsm.Ibrquad.I_rqtr.I8.I37.I9.I_enjoint.I_jcb,60,208
.Ipsm.Ibrquad.I_rqtr.I8.I37.I9.I_hilojoint.I_jcb,59,208
