.Ipsm.Iblquad.I_tst_bl.I0<0>.I_jcb,1,861
.Ipsm.Iblquad.I_tst_bl.I0<1>.I_jcb,5,861
.Ipsm.Iblquad.I_tst_bl.I0<2>.I_jcb,8,861
.Ipsm.Iblquad.I_tst_bl.I0<3>.I_jcb,12,861
.Ipsm.Iblquad.I_tst_bl.I3<0>.I_jcb,15,861
.Ipsm.Iblquad.I_tst_bl.I3<1>.I_jcb,16,861
.Ipsm.Iblquad.I_tst_bl.I3<2>.I_jcb,18,861
.Ipsm.Iblquad.I_tst_bl.I3<3>.I_jcb,19,861
.Ipsm.Iblquad.I_tst_bl.I4<0>.I_jcb,20,861
.Ipsm.Iblquad.I_tst_bl.I4<1>.I_jcb,21,861
.Ipsm.Iblquad.I_tst_bl.I4<2>.I_jcb,22,861
.Ipsm.Iblquad.I_tst_bl.I4<3>.I_jcb,23,861
.Ipsm.Iblquad.I_tst_bot<0>.I0<0>.I_jcb,27,887
.Ipsm.Iblquad.I_tst_bot<0>.I0<1>.I_jcb,31,887
.Ipsm.Iblquad.I_tst_bot<0>.I0<2>.I_jcb,34,887
.Ipsm.Iblquad.I_tst_bot<0>.I0<3>.I_jcb,38,887
.Ipsm.Iblquad.I_tst_bot<0>.I3<0>.I_jcb,41,887
.Ipsm.Iblquad.I_tst_bot<0>.I3<1>.I_jcb,42,887
.Ipsm.Iblquad.I_tst_bot<0>.I3<2>.I_jcb,44,887
.Ipsm.Iblquad.I_tst_bot<0>.I3<3>.I_jcb,45,887
.Ipsm.Iblquad.I_tst_bot<0>.I4<0>.I_jcb,46,887
.Ipsm.Iblquad.I_tst_bot<0>.I4<1>.I_jcb,47,887
.Ipsm.Iblquad.I_tst_bot<0>.I4<2>.I_jcb,48,887
.Ipsm.Iblquad.I_tst_bot<0>.I4<3>.I_jcb,49,887
.Ipsm.Iblquad.I_tst_bot<10>.I0<0>.I_jcb,287,887
.Ipsm.Iblquad.I_tst_bot<10>.I0<1>.I_jcb,291,887
.Ipsm.Iblquad.I_tst_bot<10>.I0<2>.I_jcb,294,887
.Ipsm.Iblquad.I_tst_bot<10>.I0<3>.I_jcb,298,887
.Ipsm.Iblquad.I_tst_bot<10>.I3<0>.I_jcb,301,887
.Ipsm.Iblquad.I_tst_bot<10>.I3<1>.I_jcb,302,887
.Ipsm.Iblquad.I_tst_bot<10>.I3<2>.I_jcb,304,887
.Ipsm.Iblquad.I_tst_bot<10>.I3<3>.I_jcb,305,887
.Ipsm.Iblquad.I_tst_bot<10>.I4<0>.I_jcb,306,887
.Ipsm.Iblquad.I_tst_bot<10>.I4<1>.I_jcb,307,887
.Ipsm.Iblquad.I_tst_bot<10>.I4<2>.I_jcb,308,887
.Ipsm.Iblquad.I_tst_bot<10>.I4<3>.I_jcb,309,887
.Ipsm.Iblquad.I_tst_bot<11>.I0<0>.I_jcb,313,887
.Ipsm.Iblquad.I_tst_bot<11>.I0<1>.I_jcb,317,887
.Ipsm.Iblquad.I_tst_bot<11>.I0<2>.I_jcb,320,887
.Ipsm.Iblquad.I_tst_bot<11>.I0<3>.I_jcb,324,887
.Ipsm.Iblquad.I_tst_bot<11>.I3<0>.I_jcb,327,887
.Ipsm.Iblquad.I_tst_bot<11>.I3<1>.I_jcb,328,887
.Ipsm.Iblquad.I_tst_bot<11>.I3<2>.I_jcb,330,887
.Ipsm.Iblquad.I_tst_bot<11>.I3<3>.I_jcb,331,887
.Ipsm.Iblquad.I_tst_bot<11>.I4<0>.I_jcb,332,887
.Ipsm.Iblquad.I_tst_bot<11>.I4<1>.I_jcb,333,887
.Ipsm.Iblquad.I_tst_bot<11>.I4<2>.I_jcb,334,887
.Ipsm.Iblquad.I_tst_bot<11>.I4<3>.I_jcb,335,887
.Ipsm.Iblquad.I_tst_bot<12>.I0<0>.I_jcb,339,887
.Ipsm.Iblquad.I_tst_bot<12>.I0<1>.I_jcb,343,887
.Ipsm.Iblquad.I_tst_bot<12>.I0<2>.I_jcb,346,887
.Ipsm.Iblquad.I_tst_bot<12>.I0<3>.I_jcb,350,887
.Ipsm.Iblquad.I_tst_bot<12>.I3<0>.I_jcb,353,887
.Ipsm.Iblquad.I_tst_bot<12>.I3<1>.I_jcb,354,887
.Ipsm.Iblquad.I_tst_bot<12>.I3<2>.I_jcb,356,887
.Ipsm.Iblquad.I_tst_bot<12>.I3<3>.I_jcb,357,887
.Ipsm.Iblquad.I_tst_bot<12>.I4<0>.I_jcb,358,887
.Ipsm.Iblquad.I_tst_bot<12>.I4<1>.I_jcb,359,887
.Ipsm.Iblquad.I_tst_bot<12>.I4<2>.I_jcb,360,887
.Ipsm.Iblquad.I_tst_bot<12>.I4<3>.I_jcb,361,887
.Ipsm.Iblquad.I_tst_bot<13>.I0<0>.I_jcb,365,887
.Ipsm.Iblquad.I_tst_bot<13>.I0<1>.I_jcb,369,887
.Ipsm.Iblquad.I_tst_bot<13>.I0<2>.I_jcb,372,887
.Ipsm.Iblquad.I_tst_bot<13>.I0<3>.I_jcb,376,887
.Ipsm.Iblquad.I_tst_bot<13>.I3<0>.I_jcb,379,887
.Ipsm.Iblquad.I_tst_bot<13>.I3<1>.I_jcb,380,887
.Ipsm.Iblquad.I_tst_bot<13>.I3<2>.I_jcb,382,887
.Ipsm.Iblquad.I_tst_bot<13>.I3<3>.I_jcb,383,887
.Ipsm.Iblquad.I_tst_bot<13>.I4<0>.I_jcb,384,887
.Ipsm.Iblquad.I_tst_bot<13>.I4<1>.I_jcb,385,887
.Ipsm.Iblquad.I_tst_bot<13>.I4<2>.I_jcb,386,887
.Ipsm.Iblquad.I_tst_bot<13>.I4<3>.I_jcb,387,887
.Ipsm.Iblquad.I_tst_bot<14>.I0<0>.I_jcb,391,887
.Ipsm.Iblquad.I_tst_bot<14>.I0<1>.I_jcb,395,887
.Ipsm.Iblquad.I_tst_bot<14>.I0<2>.I_jcb,398,887
.Ipsm.Iblquad.I_tst_bot<14>.I0<3>.I_jcb,402,887
.Ipsm.Iblquad.I_tst_bot<14>.I3<0>.I_jcb,405,887
.Ipsm.Iblquad.I_tst_bot<14>.I3<1>.I_jcb,406,887
.Ipsm.Iblquad.I_tst_bot<14>.I3<2>.I_jcb,408,887
.Ipsm.Iblquad.I_tst_bot<14>.I3<3>.I_jcb,409,887
.Ipsm.Iblquad.I_tst_bot<14>.I4<0>.I_jcb,410,887
.Ipsm.Iblquad.I_tst_bot<14>.I4<1>.I_jcb,411,887
.Ipsm.Iblquad.I_tst_bot<14>.I4<2>.I_jcb,412,887
.Ipsm.Iblquad.I_tst_bot<14>.I4<3>.I_jcb,413,887
.Ipsm.Iblquad.I_tst_bot<15>.I0<0>.I_jcb,417,887
.Ipsm.Iblquad.I_tst_bot<15>.I0<1>.I_jcb,421,887
.Ipsm.Iblquad.I_tst_bot<15>.I0<2>.I_jcb,424,887
.Ipsm.Iblquad.I_tst_bot<15>.I0<3>.I_jcb,428,887
.Ipsm.Iblquad.I_tst_bot<15>.I3<0>.I_jcb,431,887
.Ipsm.Iblquad.I_tst_bot<15>.I3<1>.I_jcb,432,887
.Ipsm.Iblquad.I_tst_bot<15>.I3<2>.I_jcb,434,887
.Ipsm.Iblquad.I_tst_bot<15>.I3<3>.I_jcb,435,887
.Ipsm.Iblquad.I_tst_bot<15>.I4<0>.I_jcb,436,887
.Ipsm.Iblquad.I_tst_bot<15>.I4<1>.I_jcb,437,887
.Ipsm.Iblquad.I_tst_bot<15>.I4<2>.I_jcb,438,887
.Ipsm.Iblquad.I_tst_bot<15>.I4<3>.I_jcb,439,887
.Ipsm.Iblquad.I_tst_bot<1>.I0<0>.I_jcb,53,887
.Ipsm.Iblquad.I_tst_bot<1>.I0<1>.I_jcb,57,887
.Ipsm.Iblquad.I_tst_bot<1>.I0<2>.I_jcb,60,887
.Ipsm.Iblquad.I_tst_bot<1>.I0<3>.I_jcb,64,887
.Ipsm.Iblquad.I_tst_bot<1>.I3<0>.I_jcb,67,887
.Ipsm.Iblquad.I_tst_bot<1>.I3<1>.I_jcb,68,887
.Ipsm.Iblquad.I_tst_bot<1>.I3<2>.I_jcb,70,887
.Ipsm.Iblquad.I_tst_bot<1>.I3<3>.I_jcb,71,887
.Ipsm.Iblquad.I_tst_bot<1>.I4<0>.I_jcb,72,887
.Ipsm.Iblquad.I_tst_bot<1>.I4<1>.I_jcb,73,887
.Ipsm.Iblquad.I_tst_bot<1>.I4<2>.I_jcb,74,887
.Ipsm.Iblquad.I_tst_bot<1>.I4<3>.I_jcb,75,887
.Ipsm.Iblquad.I_tst_bot<2>.I0<0>.I_jcb,79,887
.Ipsm.Iblquad.I_tst_bot<2>.I0<1>.I_jcb,83,887
.Ipsm.Iblquad.I_tst_bot<2>.I0<2>.I_jcb,86,887
.Ipsm.Iblquad.I_tst_bot<2>.I0<3>.I_jcb,90,887
.Ipsm.Iblquad.I_tst_bot<2>.I3<0>.I_jcb,93,887
.Ipsm.Iblquad.I_tst_bot<2>.I3<1>.I_jcb,94,887
.Ipsm.Iblquad.I_tst_bot<2>.I3<2>.I_jcb,96,887
.Ipsm.Iblquad.I_tst_bot<2>.I3<3>.I_jcb,97,887
.Ipsm.Iblquad.I_tst_bot<2>.I4<0>.I_jcb,98,887
.Ipsm.Iblquad.I_tst_bot<2>.I4<1>.I_jcb,99,887
.Ipsm.Iblquad.I_tst_bot<2>.I4<2>.I_jcb,100,887
.Ipsm.Iblquad.I_tst_bot<2>.I4<3>.I_jcb,101,887
.Ipsm.Iblquad.I_tst_bot<3>.I0<0>.I_jcb,105,887
.Ipsm.Iblquad.I_tst_bot<3>.I0<1>.I_jcb,109,887
.Ipsm.Iblquad.I_tst_bot<3>.I0<2>.I_jcb,112,887
.Ipsm.Iblquad.I_tst_bot<3>.I0<3>.I_jcb,116,887
.Ipsm.Iblquad.I_tst_bot<3>.I3<0>.I_jcb,119,887
.Ipsm.Iblquad.I_tst_bot<3>.I3<1>.I_jcb,120,887
.Ipsm.Iblquad.I_tst_bot<3>.I3<2>.I_jcb,122,887
.Ipsm.Iblquad.I_tst_bot<3>.I3<3>.I_jcb,123,887
.Ipsm.Iblquad.I_tst_bot<3>.I4<0>.I_jcb,124,887
.Ipsm.Iblquad.I_tst_bot<3>.I4<1>.I_jcb,125,887
.Ipsm.Iblquad.I_tst_bot<3>.I4<2>.I_jcb,126,887
.Ipsm.Iblquad.I_tst_bot<3>.I4<3>.I_jcb,127,887
.Ipsm.Iblquad.I_tst_bot<4>.I0<0>.I_jcb,131,887
.Ipsm.Iblquad.I_tst_bot<4>.I0<1>.I_jcb,135,887
.Ipsm.Iblquad.I_tst_bot<4>.I0<2>.I_jcb,138,887
.Ipsm.Iblquad.I_tst_bot<4>.I0<3>.I_jcb,142,887
.Ipsm.Iblquad.I_tst_bot<4>.I3<0>.I_jcb,145,887
.Ipsm.Iblquad.I_tst_bot<4>.I3<1>.I_jcb,146,887
.Ipsm.Iblquad.I_tst_bot<4>.I3<2>.I_jcb,148,887
.Ipsm.Iblquad.I_tst_bot<4>.I3<3>.I_jcb,149,887
.Ipsm.Iblquad.I_tst_bot<4>.I4<0>.I_jcb,150,887
.Ipsm.Iblquad.I_tst_bot<4>.I4<1>.I_jcb,151,887
.Ipsm.Iblquad.I_tst_bot<4>.I4<2>.I_jcb,152,887
.Ipsm.Iblquad.I_tst_bot<4>.I4<3>.I_jcb,153,887
.Ipsm.Iblquad.I_tst_bot<5>.I0<0>.I_jcb,157,887
.Ipsm.Iblquad.I_tst_bot<5>.I0<1>.I_jcb,161,887
.Ipsm.Iblquad.I_tst_bot<5>.I0<2>.I_jcb,164,887
.Ipsm.Iblquad.I_tst_bot<5>.I0<3>.I_jcb,168,887
.Ipsm.Iblquad.I_tst_bot<5>.I3<0>.I_jcb,171,887
.Ipsm.Iblquad.I_tst_bot<5>.I3<1>.I_jcb,172,887
.Ipsm.Iblquad.I_tst_bot<5>.I3<2>.I_jcb,174,887
.Ipsm.Iblquad.I_tst_bot<5>.I3<3>.I_jcb,175,887
.Ipsm.Iblquad.I_tst_bot<5>.I4<0>.I_jcb,176,887
.Ipsm.Iblquad.I_tst_bot<5>.I4<1>.I_jcb,177,887
.Ipsm.Iblquad.I_tst_bot<5>.I4<2>.I_jcb,178,887
.Ipsm.Iblquad.I_tst_bot<5>.I4<3>.I_jcb,179,887
.Ipsm.Iblquad.I_tst_bot<6>.I0<0>.I_jcb,183,887
.Ipsm.Iblquad.I_tst_bot<6>.I0<1>.I_jcb,187,887
.Ipsm.Iblquad.I_tst_bot<6>.I0<2>.I_jcb,190,887
.Ipsm.Iblquad.I_tst_bot<6>.I0<3>.I_jcb,194,887
.Ipsm.Iblquad.I_tst_bot<6>.I3<0>.I_jcb,197,887
.Ipsm.Iblquad.I_tst_bot<6>.I3<1>.I_jcb,198,887
.Ipsm.Iblquad.I_tst_bot<6>.I3<2>.I_jcb,200,887
.Ipsm.Iblquad.I_tst_bot<6>.I3<3>.I_jcb,201,887
.Ipsm.Iblquad.I_tst_bot<6>.I4<0>.I_jcb,202,887
.Ipsm.Iblquad.I_tst_bot<6>.I4<1>.I_jcb,203,887
.Ipsm.Iblquad.I_tst_bot<6>.I4<2>.I_jcb,204,887
.Ipsm.Iblquad.I_tst_bot<6>.I4<3>.I_jcb,205,887
.Ipsm.Iblquad.I_tst_bot<7>.I0<0>.I_jcb,209,887
.Ipsm.Iblquad.I_tst_bot<7>.I0<1>.I_jcb,213,887
.Ipsm.Iblquad.I_tst_bot<7>.I0<2>.I_jcb,216,887
.Ipsm.Iblquad.I_tst_bot<7>.I0<3>.I_jcb,220,887
.Ipsm.Iblquad.I_tst_bot<7>.I3<0>.I_jcb,223,887
.Ipsm.Iblquad.I_tst_bot<7>.I3<1>.I_jcb,224,887
.Ipsm.Iblquad.I_tst_bot<7>.I3<2>.I_jcb,226,887
.Ipsm.Iblquad.I_tst_bot<7>.I3<3>.I_jcb,227,887
.Ipsm.Iblquad.I_tst_bot<7>.I4<0>.I_jcb,228,887
.Ipsm.Iblquad.I_tst_bot<7>.I4<1>.I_jcb,229,887
.Ipsm.Iblquad.I_tst_bot<7>.I4<2>.I_jcb,230,887
.Ipsm.Iblquad.I_tst_bot<7>.I4<3>.I_jcb,231,887
.Ipsm.Iblquad.I_tst_bot<8>.I0<0>.I_jcb,235,887
.Ipsm.Iblquad.I_tst_bot<8>.I0<1>.I_jcb,239,887
.Ipsm.Iblquad.I_tst_bot<8>.I0<2>.I_jcb,242,887
.Ipsm.Iblquad.I_tst_bot<8>.I0<3>.I_jcb,246,887
.Ipsm.Iblquad.I_tst_bot<8>.I3<0>.I_jcb,249,887
.Ipsm.Iblquad.I_tst_bot<8>.I3<1>.I_jcb,250,887
.Ipsm.Iblquad.I_tst_bot<8>.I3<2>.I_jcb,252,887
.Ipsm.Iblquad.I_tst_bot<8>.I3<3>.I_jcb,253,887
.Ipsm.Iblquad.I_tst_bot<8>.I4<0>.I_jcb,254,887
.Ipsm.Iblquad.I_tst_bot<8>.I4<1>.I_jcb,255,887
.Ipsm.Iblquad.I_tst_bot<8>.I4<2>.I_jcb,256,887
.Ipsm.Iblquad.I_tst_bot<8>.I4<3>.I_jcb,257,887
.Ipsm.Iblquad.I_tst_bot<9>.I0<0>.I_jcb,261,887
.Ipsm.Iblquad.I_tst_bot<9>.I0<1>.I_jcb,265,887
.Ipsm.Iblquad.I_tst_bot<9>.I0<2>.I_jcb,268,887
.Ipsm.Iblquad.I_tst_bot<9>.I0<3>.I_jcb,272,887
.Ipsm.Iblquad.I_tst_bot<9>.I3<0>.I_jcb,275,887
.Ipsm.Iblquad.I_tst_bot<9>.I3<1>.I_jcb,276,887
.Ipsm.Iblquad.I_tst_bot<9>.I3<2>.I_jcb,278,887
.Ipsm.Iblquad.I_tst_bot<9>.I3<3>.I_jcb,279,887
.Ipsm.Iblquad.I_tst_bot<9>.I4<0>.I_jcb,280,887
.Ipsm.Iblquad.I_tst_bot<9>.I4<1>.I_jcb,281,887
.Ipsm.Iblquad.I_tst_bot<9>.I4<2>.I_jcb,282,887
.Ipsm.Iblquad.I_tst_bot<9>.I4<3>.I_jcb,283,887
.Ipsm.Iblquad.I_tst_lb.I0<0>.I_jcb,26,864
.Ipsm.Iblquad.I_tst_lb.I0<1>.I_jcb,26,866
.Ipsm.Iblquad.I_tst_lb.I0<2>.I_jcb,26,867
.Ipsm.Iblquad.I_tst_lb.I0<3>.I_jcb,26,869
.Ipsm.Iblquad.I_tst_lb.I3<0>.I_jcb,26,871
.Ipsm.Iblquad.I_tst_lb.I3<1>.I_jcb,26,872
.Ipsm.Iblquad.I_tst_lb.I3<2>.I_jcb,26,874
.Ipsm.Iblquad.I_tst_lb.I3<3>.I_jcb,26,876
.Ipsm.Iblquad.I_tst_lb.I4<0>.I_jcb,26,878
.Ipsm.Iblquad.I_tst_lb.I4<1>.I_jcb,26,880
.Ipsm.Iblquad.I_tst_lb.I4<2>.I_jcb,26,882
.Ipsm.Iblquad.I_tst_lb.I4<3>.I_jcb,26,883
.Ipsm.Iblquad.I_tst_left<0>.I0<0>.I_jcb,0,447
.Ipsm.Iblquad.I_tst_left<0>.I0<1>.I_jcb,0,449
.Ipsm.Iblquad.I_tst_left<0>.I0<2>.I_jcb,0,450
.Ipsm.Iblquad.I_tst_left<0>.I0<3>.I_jcb,0,452
.Ipsm.Iblquad.I_tst_left<0>.I3<0>.I_jcb,0,454
.Ipsm.Iblquad.I_tst_left<0>.I3<1>.I_jcb,0,455
.Ipsm.Iblquad.I_tst_left<0>.I3<2>.I_jcb,0,457
.Ipsm.Iblquad.I_tst_left<0>.I3<3>.I_jcb,0,459
.Ipsm.Iblquad.I_tst_left<0>.I4<0>.I_jcb,0,461
.Ipsm.Iblquad.I_tst_left<0>.I4<1>.I_jcb,0,463
.Ipsm.Iblquad.I_tst_left<0>.I4<2>.I_jcb,0,465
.Ipsm.Iblquad.I_tst_left<0>.I4<3>.I_jcb,0,466
.Ipsm.Iblquad.I_tst_left<10>.I0<0>.I_jcb,0,708
.Ipsm.Iblquad.I_tst_left<10>.I0<1>.I_jcb,0,710
.Ipsm.Iblquad.I_tst_left<10>.I0<2>.I_jcb,0,711
.Ipsm.Iblquad.I_tst_left<10>.I0<3>.I_jcb,0,713
.Ipsm.Iblquad.I_tst_left<10>.I3<0>.I_jcb,0,715
.Ipsm.Iblquad.I_tst_left<10>.I3<1>.I_jcb,0,716
.Ipsm.Iblquad.I_tst_left<10>.I3<2>.I_jcb,0,718
.Ipsm.Iblquad.I_tst_left<10>.I3<3>.I_jcb,0,720
.Ipsm.Iblquad.I_tst_left<10>.I4<0>.I_jcb,0,722
.Ipsm.Iblquad.I_tst_left<10>.I4<1>.I_jcb,0,724
.Ipsm.Iblquad.I_tst_left<10>.I4<2>.I_jcb,0,726
.Ipsm.Iblquad.I_tst_left<10>.I4<3>.I_jcb,0,727
.Ipsm.Iblquad.I_tst_left<11>.I0<0>.I_jcb,0,734
.Ipsm.Iblquad.I_tst_left<11>.I0<1>.I_jcb,0,736
.Ipsm.Iblquad.I_tst_left<11>.I0<2>.I_jcb,0,737
.Ipsm.Iblquad.I_tst_left<11>.I0<3>.I_jcb,0,739
.Ipsm.Iblquad.I_tst_left<11>.I3<0>.I_jcb,0,741
.Ipsm.Iblquad.I_tst_left<11>.I3<1>.I_jcb,0,742
.Ipsm.Iblquad.I_tst_left<11>.I3<2>.I_jcb,0,744
.Ipsm.Iblquad.I_tst_left<11>.I3<3>.I_jcb,0,746
.Ipsm.Iblquad.I_tst_left<11>.I4<0>.I_jcb,0,748
.Ipsm.Iblquad.I_tst_left<11>.I4<1>.I_jcb,0,750
.Ipsm.Iblquad.I_tst_left<11>.I4<2>.I_jcb,0,752
.Ipsm.Iblquad.I_tst_left<11>.I4<3>.I_jcb,0,753
.Ipsm.Iblquad.I_tst_left<12>.I0<0>.I_jcb,0,760
.Ipsm.Iblquad.I_tst_left<12>.I0<1>.I_jcb,0,762
.Ipsm.Iblquad.I_tst_left<12>.I0<2>.I_jcb,0,763
.Ipsm.Iblquad.I_tst_left<12>.I0<3>.I_jcb,0,765
.Ipsm.Iblquad.I_tst_left<12>.I3<0>.I_jcb,0,767
.Ipsm.Iblquad.I_tst_left<12>.I3<1>.I_jcb,0,768
.Ipsm.Iblquad.I_tst_left<12>.I3<2>.I_jcb,0,770
.Ipsm.Iblquad.I_tst_left<12>.I3<3>.I_jcb,0,772
.Ipsm.Iblquad.I_tst_left<12>.I4<0>.I_jcb,0,774
.Ipsm.Iblquad.I_tst_left<12>.I4<1>.I_jcb,0,776
.Ipsm.Iblquad.I_tst_left<12>.I4<2>.I_jcb,0,778
.Ipsm.Iblquad.I_tst_left<12>.I4<3>.I_jcb,0,779
.Ipsm.Iblquad.I_tst_left<13>.I0<0>.I_jcb,0,786
.Ipsm.Iblquad.I_tst_left<13>.I0<1>.I_jcb,0,788
.Ipsm.Iblquad.I_tst_left<13>.I0<2>.I_jcb,0,789
.Ipsm.Iblquad.I_tst_left<13>.I0<3>.I_jcb,0,791
.Ipsm.Iblquad.I_tst_left<13>.I3<0>.I_jcb,0,793
.Ipsm.Iblquad.I_tst_left<13>.I3<1>.I_jcb,0,794
.Ipsm.Iblquad.I_tst_left<13>.I3<2>.I_jcb,0,796
.Ipsm.Iblquad.I_tst_left<13>.I3<3>.I_jcb,0,798
.Ipsm.Iblquad.I_tst_left<13>.I4<0>.I_jcb,0,800
.Ipsm.Iblquad.I_tst_left<13>.I4<1>.I_jcb,0,802
.Ipsm.Iblquad.I_tst_left<13>.I4<2>.I_jcb,0,804
.Ipsm.Iblquad.I_tst_left<13>.I4<3>.I_jcb,0,805
.Ipsm.Iblquad.I_tst_left<14>.I0<0>.I_jcb,0,812
.Ipsm.Iblquad.I_tst_left<14>.I0<1>.I_jcb,0,814
.Ipsm.Iblquad.I_tst_left<14>.I0<2>.I_jcb,0,815
.Ipsm.Iblquad.I_tst_left<14>.I0<3>.I_jcb,0,817
.Ipsm.Iblquad.I_tst_left<14>.I3<0>.I_jcb,0,819
.Ipsm.Iblquad.I_tst_left<14>.I3<1>.I_jcb,0,820
.Ipsm.Iblquad.I_tst_left<14>.I3<2>.I_jcb,0,822
.Ipsm.Iblquad.I_tst_left<14>.I3<3>.I_jcb,0,824
.Ipsm.Iblquad.I_tst_left<14>.I4<0>.I_jcb,0,826
.Ipsm.Iblquad.I_tst_left<14>.I4<1>.I_jcb,0,828
.Ipsm.Iblquad.I_tst_left<14>.I4<2>.I_jcb,0,830
.Ipsm.Iblquad.I_tst_left<14>.I4<3>.I_jcb,0,831
.Ipsm.Iblquad.I_tst_left<15>.I0<0>.I_jcb,0,838
.Ipsm.Iblquad.I_tst_left<15>.I0<1>.I_jcb,0,840
.Ipsm.Iblquad.I_tst_left<15>.I0<2>.I_jcb,0,841
.Ipsm.Iblquad.I_tst_left<15>.I0<3>.I_jcb,0,843
.Ipsm.Iblquad.I_tst_left<15>.I3<0>.I_jcb,0,845
.Ipsm.Iblquad.I_tst_left<15>.I3<1>.I_jcb,0,846
.Ipsm.Iblquad.I_tst_left<15>.I3<2>.I_jcb,0,848
.Ipsm.Iblquad.I_tst_left<15>.I3<3>.I_jcb,0,850
.Ipsm.Iblquad.I_tst_left<15>.I4<0>.I_jcb,0,852
.Ipsm.Iblquad.I_tst_left<15>.I4<1>.I_jcb,0,854
.Ipsm.Iblquad.I_tst_left<15>.I4<2>.I_jcb,0,856
.Ipsm.Iblquad.I_tst_left<15>.I4<3>.I_jcb,0,857
.Ipsm.Iblquad.I_tst_left<1>.I0<0>.I_jcb,0,473
.Ipsm.Iblquad.I_tst_left<1>.I0<1>.I_jcb,0,475
.Ipsm.Iblquad.I_tst_left<1>.I0<2>.I_jcb,0,476
.Ipsm.Iblquad.I_tst_left<1>.I0<3>.I_jcb,0,478
.Ipsm.Iblquad.I_tst_left<1>.I3<0>.I_jcb,0,480
.Ipsm.Iblquad.I_tst_left<1>.I3<1>.I_jcb,0,481
.Ipsm.Iblquad.I_tst_left<1>.I3<2>.I_jcb,0,483
.Ipsm.Iblquad.I_tst_left<1>.I3<3>.I_jcb,0,485
.Ipsm.Iblquad.I_tst_left<1>.I4<0>.I_jcb,0,487
.Ipsm.Iblquad.I_tst_left<1>.I4<1>.I_jcb,0,489
.Ipsm.Iblquad.I_tst_left<1>.I4<2>.I_jcb,0,491
.Ipsm.Iblquad.I_tst_left<1>.I4<3>.I_jcb,0,492
.Ipsm.Iblquad.I_tst_left<2>.I0<0>.I_jcb,0,499
.Ipsm.Iblquad.I_tst_left<2>.I0<1>.I_jcb,0,501
.Ipsm.Iblquad.I_tst_left<2>.I0<2>.I_jcb,0,502
.Ipsm.Iblquad.I_tst_left<2>.I0<3>.I_jcb,0,504
.Ipsm.Iblquad.I_tst_left<2>.I3<0>.I_jcb,0,506
.Ipsm.Iblquad.I_tst_left<2>.I3<1>.I_jcb,0,507
.Ipsm.Iblquad.I_tst_left<2>.I3<2>.I_jcb,0,509
.Ipsm.Iblquad.I_tst_left<2>.I3<3>.I_jcb,0,511
.Ipsm.Iblquad.I_tst_left<2>.I4<0>.I_jcb,0,513
.Ipsm.Iblquad.I_tst_left<2>.I4<1>.I_jcb,0,515
.Ipsm.Iblquad.I_tst_left<2>.I4<2>.I_jcb,0,517
.Ipsm.Iblquad.I_tst_left<2>.I4<3>.I_jcb,0,518
.Ipsm.Iblquad.I_tst_left<3>.I0<0>.I_jcb,0,525
.Ipsm.Iblquad.I_tst_left<3>.I0<1>.I_jcb,0,527
.Ipsm.Iblquad.I_tst_left<3>.I0<2>.I_jcb,0,528
.Ipsm.Iblquad.I_tst_left<3>.I0<3>.I_jcb,0,530
.Ipsm.Iblquad.I_tst_left<3>.I3<0>.I_jcb,0,532
.Ipsm.Iblquad.I_tst_left<3>.I3<1>.I_jcb,0,533
.Ipsm.Iblquad.I_tst_left<3>.I3<2>.I_jcb,0,535
.Ipsm.Iblquad.I_tst_left<3>.I3<3>.I_jcb,0,537
.Ipsm.Iblquad.I_tst_left<3>.I4<0>.I_jcb,0,539
.Ipsm.Iblquad.I_tst_left<3>.I4<1>.I_jcb,0,541
.Ipsm.Iblquad.I_tst_left<3>.I4<2>.I_jcb,0,543
.Ipsm.Iblquad.I_tst_left<3>.I4<3>.I_jcb,0,544
.Ipsm.Iblquad.I_tst_left<4>.I0<0>.I_jcb,0,551
.Ipsm.Iblquad.I_tst_left<4>.I0<1>.I_jcb,0,553
.Ipsm.Iblquad.I_tst_left<4>.I0<2>.I_jcb,0,554
.Ipsm.Iblquad.I_tst_left<4>.I0<3>.I_jcb,0,556
.Ipsm.Iblquad.I_tst_left<4>.I3<0>.I_jcb,0,558
.Ipsm.Iblquad.I_tst_left<4>.I3<1>.I_jcb,0,559
.Ipsm.Iblquad.I_tst_left<4>.I3<2>.I_jcb,0,561
.Ipsm.Iblquad.I_tst_left<4>.I3<3>.I_jcb,0,563
.Ipsm.Iblquad.I_tst_left<4>.I4<0>.I_jcb,0,565
.Ipsm.Iblquad.I_tst_left<4>.I4<1>.I_jcb,0,567
.Ipsm.Iblquad.I_tst_left<4>.I4<2>.I_jcb,0,569
.Ipsm.Iblquad.I_tst_left<4>.I4<3>.I_jcb,0,570
.Ipsm.Iblquad.I_tst_left<5>.I0<0>.I_jcb,0,577
.Ipsm.Iblquad.I_tst_left<5>.I0<1>.I_jcb,0,579
.Ipsm.Iblquad.I_tst_left<5>.I0<2>.I_jcb,0,580
.Ipsm.Iblquad.I_tst_left<5>.I0<3>.I_jcb,0,582
.Ipsm.Iblquad.I_tst_left<5>.I3<0>.I_jcb,0,584
.Ipsm.Iblquad.I_tst_left<5>.I3<1>.I_jcb,0,585
.Ipsm.Iblquad.I_tst_left<5>.I3<2>.I_jcb,0,587
.Ipsm.Iblquad.I_tst_left<5>.I3<3>.I_jcb,0,589
.Ipsm.Iblquad.I_tst_left<5>.I4<0>.I_jcb,0,591
.Ipsm.Iblquad.I_tst_left<5>.I4<1>.I_jcb,0,593
.Ipsm.Iblquad.I_tst_left<5>.I4<2>.I_jcb,0,595
.Ipsm.Iblquad.I_tst_left<5>.I4<3>.I_jcb,0,596
.Ipsm.Iblquad.I_tst_left<6>.I0<0>.I_jcb,0,603
.Ipsm.Iblquad.I_tst_left<6>.I0<1>.I_jcb,0,605
.Ipsm.Iblquad.I_tst_left<6>.I0<2>.I_jcb,0,606
.Ipsm.Iblquad.I_tst_left<6>.I0<3>.I_jcb,0,608
.Ipsm.Iblquad.I_tst_left<6>.I3<0>.I_jcb,0,610
.Ipsm.Iblquad.I_tst_left<6>.I3<1>.I_jcb,0,611
.Ipsm.Iblquad.I_tst_left<6>.I3<2>.I_jcb,0,613
.Ipsm.Iblquad.I_tst_left<6>.I3<3>.I_jcb,0,615
.Ipsm.Iblquad.I_tst_left<6>.I4<0>.I_jcb,0,617
.Ipsm.Iblquad.I_tst_left<6>.I4<1>.I_jcb,0,619
.Ipsm.Iblquad.I_tst_left<6>.I4<2>.I_jcb,0,621
.Ipsm.Iblquad.I_tst_left<6>.I4<3>.I_jcb,0,622
.Ipsm.Iblquad.I_tst_left<7>.I0<0>.I_jcb,0,629
.Ipsm.Iblquad.I_tst_left<7>.I0<1>.I_jcb,0,631
.Ipsm.Iblquad.I_tst_left<7>.I0<2>.I_jcb,0,632
.Ipsm.Iblquad.I_tst_left<7>.I0<3>.I_jcb,0,634
.Ipsm.Iblquad.I_tst_left<7>.I3<0>.I_jcb,0,636
.Ipsm.Iblquad.I_tst_left<7>.I3<1>.I_jcb,0,637
.Ipsm.Iblquad.I_tst_left<7>.I3<2>.I_jcb,0,639
.Ipsm.Iblquad.I_tst_left<7>.I3<3>.I_jcb,0,641
.Ipsm.Iblquad.I_tst_left<7>.I4<0>.I_jcb,0,643
.Ipsm.Iblquad.I_tst_left<7>.I4<1>.I_jcb,0,645
.Ipsm.Iblquad.I_tst_left<7>.I4<2>.I_jcb,0,647
.Ipsm.Iblquad.I_tst_left<7>.I4<3>.I_jcb,0,648
.Ipsm.Iblquad.I_tst_left<8>.I0<0>.I_jcb,0,656
.Ipsm.Iblquad.I_tst_left<8>.I0<1>.I_jcb,0,658
.Ipsm.Iblquad.I_tst_left<8>.I0<2>.I_jcb,0,659
.Ipsm.Iblquad.I_tst_left<8>.I0<3>.I_jcb,0,661
.Ipsm.Iblquad.I_tst_left<8>.I3<0>.I_jcb,0,663
.Ipsm.Iblquad.I_tst_left<8>.I3<1>.I_jcb,0,664
.Ipsm.Iblquad.I_tst_left<8>.I3<2>.I_jcb,0,666
.Ipsm.Iblquad.I_tst_left<8>.I3<3>.I_jcb,0,668
.Ipsm.Iblquad.I_tst_left<8>.I4<0>.I_jcb,0,670
.Ipsm.Iblquad.I_tst_left<8>.I4<1>.I_jcb,0,672
.Ipsm.Iblquad.I_tst_left<8>.I4<2>.I_jcb,0,674
.Ipsm.Iblquad.I_tst_left<8>.I4<3>.I_jcb,0,675
.Ipsm.Iblquad.I_tst_left<9>.I0<0>.I_jcb,0,682
.Ipsm.Iblquad.I_tst_left<9>.I0<1>.I_jcb,0,684
.Ipsm.Iblquad.I_tst_left<9>.I0<2>.I_jcb,0,685
.Ipsm.Iblquad.I_tst_left<9>.I0<3>.I_jcb,0,687
.Ipsm.Iblquad.I_tst_left<9>.I3<0>.I_jcb,0,689
.Ipsm.Iblquad.I_tst_left<9>.I3<1>.I_jcb,0,690
.Ipsm.Iblquad.I_tst_left<9>.I3<2>.I_jcb,0,692
.Ipsm.Iblquad.I_tst_left<9>.I3<3>.I_jcb,0,694
.Ipsm.Iblquad.I_tst_left<9>.I4<0>.I_jcb,0,696
.Ipsm.Iblquad.I_tst_left<9>.I4<1>.I_jcb,0,698
.Ipsm.Iblquad.I_tst_left<9>.I4<2>.I_jcb,0,700
.Ipsm.Iblquad.I_tst_left<9>.I4<3>.I_jcb,0,701
.Ipsm.Ibrquad.I_tst_bot<0>.I0<0>.I_jcb,443,887
.Ipsm.Ibrquad.I_tst_bot<0>.I0<1>.I_jcb,447,887
.Ipsm.Ibrquad.I_tst_bot<0>.I0<2>.I_jcb,450,887
.Ipsm.Ibrquad.I_tst_bot<0>.I0<3>.I_jcb,454,887
.Ipsm.Ibrquad.I_tst_bot<0>.I3<0>.I_jcb,457,887
.Ipsm.Ibrquad.I_tst_bot<0>.I3<1>.I_jcb,458,887
.Ipsm.Ibrquad.I_tst_bot<0>.I3<2>.I_jcb,460,887
.Ipsm.Ibrquad.I_tst_bot<0>.I3<3>.I_jcb,461,887
.Ipsm.Ibrquad.I_tst_bot<0>.I4<0>.I_jcb,462,887
.Ipsm.Ibrquad.I_tst_bot<0>.I4<1>.I_jcb,463,887
.Ipsm.Ibrquad.I_tst_bot<0>.I4<2>.I_jcb,464,887
.Ipsm.Ibrquad.I_tst_bot<0>.I4<3>.I_jcb,465,887
.Ipsm.Ibrquad.I_tst_bot<10>.I0<0>.I_jcb,703,887
.Ipsm.Ibrquad.I_tst_bot<10>.I0<1>.I_jcb,707,887
.Ipsm.Ibrquad.I_tst_bot<10>.I0<2>.I_jcb,710,887
.Ipsm.Ibrquad.I_tst_bot<10>.I0<3>.I_jcb,714,887
.Ipsm.Ibrquad.I_tst_bot<10>.I3<0>.I_jcb,717,887
.Ipsm.Ibrquad.I_tst_bot<10>.I3<1>.I_jcb,718,887
.Ipsm.Ibrquad.I_tst_bot<10>.I3<2>.I_jcb,720,887
.Ipsm.Ibrquad.I_tst_bot<10>.I3<3>.I_jcb,721,887
.Ipsm.Ibrquad.I_tst_bot<10>.I4<0>.I_jcb,722,887
.Ipsm.Ibrquad.I_tst_bot<10>.I4<1>.I_jcb,723,887
.Ipsm.Ibrquad.I_tst_bot<10>.I4<2>.I_jcb,724,887
.Ipsm.Ibrquad.I_tst_bot<10>.I4<3>.I_jcb,725,887
.Ipsm.Ibrquad.I_tst_bot<11>.I0<0>.I_jcb,729,887
.Ipsm.Ibrquad.I_tst_bot<11>.I0<1>.I_jcb,733,887
.Ipsm.Ibrquad.I_tst_bot<11>.I0<2>.I_jcb,736,887
.Ipsm.Ibrquad.I_tst_bot<11>.I0<3>.I_jcb,740,887
.Ipsm.Ibrquad.I_tst_bot<11>.I3<0>.I_jcb,743,887
.Ipsm.Ibrquad.I_tst_bot<11>.I3<1>.I_jcb,744,887
.Ipsm.Ibrquad.I_tst_bot<11>.I3<2>.I_jcb,746,887
.Ipsm.Ibrquad.I_tst_bot<11>.I3<3>.I_jcb,747,887
.Ipsm.Ibrquad.I_tst_bot<11>.I4<0>.I_jcb,748,887
.Ipsm.Ibrquad.I_tst_bot<11>.I4<1>.I_jcb,749,887
.Ipsm.Ibrquad.I_tst_bot<11>.I4<2>.I_jcb,750,887
.Ipsm.Ibrquad.I_tst_bot<11>.I4<3>.I_jcb,751,887
.Ipsm.Ibrquad.I_tst_bot<12>.I0<0>.I_jcb,755,887
.Ipsm.Ibrquad.I_tst_bot<12>.I0<1>.I_jcb,759,887
.Ipsm.Ibrquad.I_tst_bot<12>.I0<2>.I_jcb,762,887
.Ipsm.Ibrquad.I_tst_bot<12>.I0<3>.I_jcb,766,887
.Ipsm.Ibrquad.I_tst_bot<12>.I3<0>.I_jcb,769,887
.Ipsm.Ibrquad.I_tst_bot<12>.I3<1>.I_jcb,770,887
.Ipsm.Ibrquad.I_tst_bot<12>.I3<2>.I_jcb,772,887
.Ipsm.Ibrquad.I_tst_bot<12>.I3<3>.I_jcb,773,887
.Ipsm.Ibrquad.I_tst_bot<12>.I4<0>.I_jcb,774,887
.Ipsm.Ibrquad.I_tst_bot<12>.I4<1>.I_jcb,775,887
.Ipsm.Ibrquad.I_tst_bot<12>.I4<2>.I_jcb,776,887
.Ipsm.Ibrquad.I_tst_bot<12>.I4<3>.I_jcb,777,887
.Ipsm.Ibrquad.I_tst_bot<13>.I0<0>.I_jcb,781,887
.Ipsm.Ibrquad.I_tst_bot<13>.I0<1>.I_jcb,785,887
.Ipsm.Ibrquad.I_tst_bot<13>.I0<2>.I_jcb,788,887
.Ipsm.Ibrquad.I_tst_bot<13>.I0<3>.I_jcb,792,887
.Ipsm.Ibrquad.I_tst_bot<13>.I3<0>.I_jcb,795,887
.Ipsm.Ibrquad.I_tst_bot<13>.I3<1>.I_jcb,796,887
.Ipsm.Ibrquad.I_tst_bot<13>.I3<2>.I_jcb,798,887
.Ipsm.Ibrquad.I_tst_bot<13>.I3<3>.I_jcb,799,887
.Ipsm.Ibrquad.I_tst_bot<13>.I4<0>.I_jcb,800,887
.Ipsm.Ibrquad.I_tst_bot<13>.I4<1>.I_jcb,801,887
.Ipsm.Ibrquad.I_tst_bot<13>.I4<2>.I_jcb,802,887
.Ipsm.Ibrquad.I_tst_bot<13>.I4<3>.I_jcb,803,887
.Ipsm.Ibrquad.I_tst_bot<14>.I0<0>.I_jcb,807,887
.Ipsm.Ibrquad.I_tst_bot<14>.I0<1>.I_jcb,811,887
.Ipsm.Ibrquad.I_tst_bot<14>.I0<2>.I_jcb,814,887
.Ipsm.Ibrquad.I_tst_bot<14>.I0<3>.I_jcb,818,887
.Ipsm.Ibrquad.I_tst_bot<14>.I3<0>.I_jcb,821,887
.Ipsm.Ibrquad.I_tst_bot<14>.I3<1>.I_jcb,822,887
.Ipsm.Ibrquad.I_tst_bot<14>.I3<2>.I_jcb,824,887
.Ipsm.Ibrquad.I_tst_bot<14>.I3<3>.I_jcb,825,887
.Ipsm.Ibrquad.I_tst_bot<14>.I4<0>.I_jcb,826,887
.Ipsm.Ibrquad.I_tst_bot<14>.I4<1>.I_jcb,827,887
.Ipsm.Ibrquad.I_tst_bot<14>.I4<2>.I_jcb,828,887
.Ipsm.Ibrquad.I_tst_bot<14>.I4<3>.I_jcb,829,887
.Ipsm.Ibrquad.I_tst_bot<15>.I0<0>.I_jcb,833,887
.Ipsm.Ibrquad.I_tst_bot<15>.I0<1>.I_jcb,837,887
.Ipsm.Ibrquad.I_tst_bot<15>.I0<2>.I_jcb,840,887
.Ipsm.Ibrquad.I_tst_bot<15>.I0<3>.I_jcb,844,887
.Ipsm.Ibrquad.I_tst_bot<15>.I3<0>.I_jcb,847,887
.Ipsm.Ibrquad.I_tst_bot<15>.I3<1>.I_jcb,848,887
.Ipsm.Ibrquad.I_tst_bot<15>.I3<2>.I_jcb,850,887
.Ipsm.Ibrquad.I_tst_bot<15>.I3<3>.I_jcb,851,887
.Ipsm.Ibrquad.I_tst_bot<15>.I4<0>.I_jcb,852,887
.Ipsm.Ibrquad.I_tst_bot<15>.I4<1>.I_jcb,853,887
.Ipsm.Ibrquad.I_tst_bot<15>.I4<2>.I_jcb,854,887
.Ipsm.Ibrquad.I_tst_bot<15>.I4<3>.I_jcb,855,887
.Ipsm.Ibrquad.I_tst_bot<1>.I0<0>.I_jcb,469,887
.Ipsm.Ibrquad.I_tst_bot<1>.I0<1>.I_jcb,473,887
.Ipsm.Ibrquad.I_tst_bot<1>.I0<2>.I_jcb,476,887
.Ipsm.Ibrquad.I_tst_bot<1>.I0<3>.I_jcb,480,887
.Ipsm.Ibrquad.I_tst_bot<1>.I3<0>.I_jcb,483,887
.Ipsm.Ibrquad.I_tst_bot<1>.I3<1>.I_jcb,484,887
.Ipsm.Ibrquad.I_tst_bot<1>.I3<2>.I_jcb,486,887
.Ipsm.Ibrquad.I_tst_bot<1>.I3<3>.I_jcb,487,887
.Ipsm.Ibrquad.I_tst_bot<1>.I4<0>.I_jcb,488,887
.Ipsm.Ibrquad.I_tst_bot<1>.I4<1>.I_jcb,489,887
.Ipsm.Ibrquad.I_tst_bot<1>.I4<2>.I_jcb,490,887
.Ipsm.Ibrquad.I_tst_bot<1>.I4<3>.I_jcb,491,887
.Ipsm.Ibrquad.I_tst_bot<2>.I0<0>.I_jcb,495,887
.Ipsm.Ibrquad.I_tst_bot<2>.I0<1>.I_jcb,499,887
.Ipsm.Ibrquad.I_tst_bot<2>.I0<2>.I_jcb,502,887
.Ipsm.Ibrquad.I_tst_bot<2>.I0<3>.I_jcb,506,887
.Ipsm.Ibrquad.I_tst_bot<2>.I3<0>.I_jcb,509,887
.Ipsm.Ibrquad.I_tst_bot<2>.I3<1>.I_jcb,510,887
.Ipsm.Ibrquad.I_tst_bot<2>.I3<2>.I_jcb,512,887
.Ipsm.Ibrquad.I_tst_bot<2>.I3<3>.I_jcb,513,887
.Ipsm.Ibrquad.I_tst_bot<2>.I4<0>.I_jcb,514,887
.Ipsm.Ibrquad.I_tst_bot<2>.I4<1>.I_jcb,515,887
.Ipsm.Ibrquad.I_tst_bot<2>.I4<2>.I_jcb,516,887
.Ipsm.Ibrquad.I_tst_bot<2>.I4<3>.I_jcb,517,887
.Ipsm.Ibrquad.I_tst_bot<3>.I0<0>.I_jcb,521,887
.Ipsm.Ibrquad.I_tst_bot<3>.I0<1>.I_jcb,525,887
.Ipsm.Ibrquad.I_tst_bot<3>.I0<2>.I_jcb,528,887
.Ipsm.Ibrquad.I_tst_bot<3>.I0<3>.I_jcb,532,887
.Ipsm.Ibrquad.I_tst_bot<3>.I3<0>.I_jcb,535,887
.Ipsm.Ibrquad.I_tst_bot<3>.I3<1>.I_jcb,536,887
.Ipsm.Ibrquad.I_tst_bot<3>.I3<2>.I_jcb,538,887
.Ipsm.Ibrquad.I_tst_bot<3>.I3<3>.I_jcb,539,887
.Ipsm.Ibrquad.I_tst_bot<3>.I4<0>.I_jcb,540,887
.Ipsm.Ibrquad.I_tst_bot<3>.I4<1>.I_jcb,541,887
.Ipsm.Ibrquad.I_tst_bot<3>.I4<2>.I_jcb,542,887
.Ipsm.Ibrquad.I_tst_bot<3>.I4<3>.I_jcb,543,887
.Ipsm.Ibrquad.I_tst_bot<4>.I0<0>.I_jcb,547,887
.Ipsm.Ibrquad.I_tst_bot<4>.I0<1>.I_jcb,551,887
.Ipsm.Ibrquad.I_tst_bot<4>.I0<2>.I_jcb,554,887
.Ipsm.Ibrquad.I_tst_bot<4>.I0<3>.I_jcb,558,887
.Ipsm.Ibrquad.I_tst_bot<4>.I3<0>.I_jcb,561,887
.Ipsm.Ibrquad.I_tst_bot<4>.I3<1>.I_jcb,562,887
.Ipsm.Ibrquad.I_tst_bot<4>.I3<2>.I_jcb,564,887
.Ipsm.Ibrquad.I_tst_bot<4>.I3<3>.I_jcb,565,887
.Ipsm.Ibrquad.I_tst_bot<4>.I4<0>.I_jcb,566,887
.Ipsm.Ibrquad.I_tst_bot<4>.I4<1>.I_jcb,567,887
.Ipsm.Ibrquad.I_tst_bot<4>.I4<2>.I_jcb,568,887
.Ipsm.Ibrquad.I_tst_bot<4>.I4<3>.I_jcb,569,887
.Ipsm.Ibrquad.I_tst_bot<5>.I0<0>.I_jcb,573,887
.Ipsm.Ibrquad.I_tst_bot<5>.I0<1>.I_jcb,577,887
.Ipsm.Ibrquad.I_tst_bot<5>.I0<2>.I_jcb,580,887
.Ipsm.Ibrquad.I_tst_bot<5>.I0<3>.I_jcb,584,887
.Ipsm.Ibrquad.I_tst_bot<5>.I3<0>.I_jcb,587,887
.Ipsm.Ibrquad.I_tst_bot<5>.I3<1>.I_jcb,588,887
.Ipsm.Ibrquad.I_tst_bot<5>.I3<2>.I_jcb,590,887
.Ipsm.Ibrquad.I_tst_bot<5>.I3<3>.I_jcb,591,887
.Ipsm.Ibrquad.I_tst_bot<5>.I4<0>.I_jcb,592,887
.Ipsm.Ibrquad.I_tst_bot<5>.I4<1>.I_jcb,593,887
.Ipsm.Ibrquad.I_tst_bot<5>.I4<2>.I_jcb,594,887
.Ipsm.Ibrquad.I_tst_bot<5>.I4<3>.I_jcb,595,887
.Ipsm.Ibrquad.I_tst_bot<6>.I0<0>.I_jcb,599,887
.Ipsm.Ibrquad.I_tst_bot<6>.I0<1>.I_jcb,603,887
.Ipsm.Ibrquad.I_tst_bot<6>.I0<2>.I_jcb,606,887
.Ipsm.Ibrquad.I_tst_bot<6>.I0<3>.I_jcb,610,887
.Ipsm.Ibrquad.I_tst_bot<6>.I3<0>.I_jcb,613,887
.Ipsm.Ibrquad.I_tst_bot<6>.I3<1>.I_jcb,614,887
.Ipsm.Ibrquad.I_tst_bot<6>.I3<2>.I_jcb,616,887
.Ipsm.Ibrquad.I_tst_bot<6>.I3<3>.I_jcb,617,887
.Ipsm.Ibrquad.I_tst_bot<6>.I4<0>.I_jcb,618,887
.Ipsm.Ibrquad.I_tst_bot<6>.I4<1>.I_jcb,619,887
.Ipsm.Ibrquad.I_tst_bot<6>.I4<2>.I_jcb,620,887
.Ipsm.Ibrquad.I_tst_bot<6>.I4<3>.I_jcb,621,887
.Ipsm.Ibrquad.I_tst_bot<7>.I0<0>.I_jcb,625,887
.Ipsm.Ibrquad.I_tst_bot<7>.I0<1>.I_jcb,629,887
.Ipsm.Ibrquad.I_tst_bot<7>.I0<2>.I_jcb,632,887
.Ipsm.Ibrquad.I_tst_bot<7>.I0<3>.I_jcb,636,887
.Ipsm.Ibrquad.I_tst_bot<7>.I3<0>.I_jcb,639,887
.Ipsm.Ibrquad.I_tst_bot<7>.I3<1>.I_jcb,640,887
.Ipsm.Ibrquad.I_tst_bot<7>.I3<2>.I_jcb,642,887
.Ipsm.Ibrquad.I_tst_bot<7>.I3<3>.I_jcb,643,887
.Ipsm.Ibrquad.I_tst_bot<7>.I4<0>.I_jcb,644,887
.Ipsm.Ibrquad.I_tst_bot<7>.I4<1>.I_jcb,645,887
.Ipsm.Ibrquad.I_tst_bot<7>.I4<2>.I_jcb,646,887
.Ipsm.Ibrquad.I_tst_bot<7>.I4<3>.I_jcb,647,887
.Ipsm.Ibrquad.I_tst_bot<8>.I0<0>.I_jcb,651,887
.Ipsm.Ibrquad.I_tst_bot<8>.I0<1>.I_jcb,655,887
.Ipsm.Ibrquad.I_tst_bot<8>.I0<2>.I_jcb,658,887
.Ipsm.Ibrquad.I_tst_bot<8>.I0<3>.I_jcb,662,887
.Ipsm.Ibrquad.I_tst_bot<8>.I3<0>.I_jcb,665,887
.Ipsm.Ibrquad.I_tst_bot<8>.I3<1>.I_jcb,666,887
.Ipsm.Ibrquad.I_tst_bot<8>.I3<2>.I_jcb,668,887
.Ipsm.Ibrquad.I_tst_bot<8>.I3<3>.I_jcb,669,887
.Ipsm.Ibrquad.I_tst_bot<8>.I4<0>.I_jcb,670,887
.Ipsm.Ibrquad.I_tst_bot<8>.I4<1>.I_jcb,671,887
.Ipsm.Ibrquad.I_tst_bot<8>.I4<2>.I_jcb,672,887
.Ipsm.Ibrquad.I_tst_bot<8>.I4<3>.I_jcb,673,887
.Ipsm.Ibrquad.I_tst_bot<9>.I0<0>.I_jcb,677,887
.Ipsm.Ibrquad.I_tst_bot<9>.I0<1>.I_jcb,681,887
.Ipsm.Ibrquad.I_tst_bot<9>.I0<2>.I_jcb,684,887
.Ipsm.Ibrquad.I_tst_bot<9>.I0<3>.I_jcb,688,887
.Ipsm.Ibrquad.I_tst_bot<9>.I3<0>.I_jcb,691,887
.Ipsm.Ibrquad.I_tst_bot<9>.I3<1>.I_jcb,692,887
.Ipsm.Ibrquad.I_tst_bot<9>.I3<2>.I_jcb,694,887
.Ipsm.Ibrquad.I_tst_bot<9>.I3<3>.I_jcb,695,887
.Ipsm.Ibrquad.I_tst_bot<9>.I4<0>.I_jcb,696,887
.Ipsm.Ibrquad.I_tst_bot<9>.I4<1>.I_jcb,697,887
.Ipsm.Ibrquad.I_tst_bot<9>.I4<2>.I_jcb,698,887
.Ipsm.Ibrquad.I_tst_bot<9>.I4<3>.I_jcb,699,887
.Ipsm.Ibrquad.I_tst_br.I0<0>.I_jcb,859,861
.Ipsm.Ibrquad.I_tst_br.I0<1>.I_jcb,863,861
.Ipsm.Ibrquad.I_tst_br.I0<2>.I_jcb,866,861
.Ipsm.Ibrquad.I_tst_br.I0<3>.I_jcb,870,861
.Ipsm.Ibrquad.I_tst_br.I3<0>.I_jcb,873,861
.Ipsm.Ibrquad.I_tst_br.I3<1>.I_jcb,874,861
.Ipsm.Ibrquad.I_tst_br.I3<2>.I_jcb,876,861
.Ipsm.Ibrquad.I_tst_br.I3<3>.I_jcb,877,861
.Ipsm.Ibrquad.I_tst_br.I4<0>.I_jcb,878,861
.Ipsm.Ibrquad.I_tst_br.I4<1>.I_jcb,879,861
.Ipsm.Ibrquad.I_tst_br.I4<2>.I_jcb,880,861
.Ipsm.Ibrquad.I_tst_br.I4<3>.I_jcb,881,861
.Ipsm.Ibrquad.I_tst_rb.J_H1<0>.I_jcb,859,864
.Ipsm.Ibrquad.I_tst_rb.J_H1<1>.I_jcb,859,866
.Ipsm.Ibrquad.I_tst_rb.J_H1<2>.I_jcb,859,867
.Ipsm.Ibrquad.I_tst_rb.J_H1<3>.I_jcb,859,869
.Ipsm.Ibrquad.I_tst_rb.J_H2<0>.I_jcb,859,871
.Ipsm.Ibrquad.I_tst_rb.J_H2<1>.I_jcb,859,872
.Ipsm.Ibrquad.I_tst_rb.J_H4<0>.I_jcb,859,874
.Ipsm.Ibrquad.I_tst_rb.J_H4<1>.I_jcb,859,876
.Ipsm.Ibrquad.I_tst_rb.J_H4<2>.I_jcb,859,878
.Ipsm.Ibrquad.I_tst_rb.J_H4<3>.I_jcb,859,880
.Ipsm.Ibrquad.I_tst_rb.J_H4<4>.I_jcb,859,882
.Ipsm.Ibrquad.I_tst_rb.J_H4<5>.I_jcb,859,883
.Ipsm.Ibrquad.I_tst_rb.J_H4<6>.I_jcb,859,886
.Ipsm.Ibrquad.I_tst_rb.J_H4<7>.I_jcb,859,862
.Ipsm.Ibrquad.I_tst_right<0>.J_H1<0>.I_jcb,885,447
.Ipsm.Ibrquad.I_tst_right<0>.J_H1<1>.I_jcb,885,449
.Ipsm.Ibrquad.I_tst_right<0>.J_H1<2>.I_jcb,885,450
.Ipsm.Ibrquad.I_tst_right<0>.J_H1<3>.I_jcb,885,452
.Ipsm.Ibrquad.I_tst_right<0>.J_H2<0>.I_jcb,885,454
.Ipsm.Ibrquad.I_tst_right<0>.J_H2<1>.I_jcb,885,455
.Ipsm.Ibrquad.I_tst_right<0>.J_H4<0>.I_jcb,885,457
.Ipsm.Ibrquad.I_tst_right<0>.J_H4<1>.I_jcb,885,459
.Ipsm.Ibrquad.I_tst_right<0>.J_H4<2>.I_jcb,885,461
.Ipsm.Ibrquad.I_tst_right<0>.J_H4<3>.I_jcb,885,463
.Ipsm.Ibrquad.I_tst_right<0>.J_H4<4>.I_jcb,885,465
.Ipsm.Ibrquad.I_tst_right<0>.J_H4<5>.I_jcb,885,466
.Ipsm.Ibrquad.I_tst_right<0>.J_H4<6>.I_jcb,885,469
.Ipsm.Ibrquad.I_tst_right<0>.J_H4<7>.I_jcb,885,445
.Ipsm.Ibrquad.I_tst_right<10>.J_H1<0>.I_jcb,885,708
.Ipsm.Ibrquad.I_tst_right<10>.J_H1<1>.I_jcb,885,710
.Ipsm.Ibrquad.I_tst_right<10>.J_H1<2>.I_jcb,885,711
.Ipsm.Ibrquad.I_tst_right<10>.J_H1<3>.I_jcb,885,713
.Ipsm.Ibrquad.I_tst_right<10>.J_H2<0>.I_jcb,885,715
.Ipsm.Ibrquad.I_tst_right<10>.J_H2<1>.I_jcb,885,716
.Ipsm.Ibrquad.I_tst_right<10>.J_H4<0>.I_jcb,885,718
.Ipsm.Ibrquad.I_tst_right<10>.J_H4<1>.I_jcb,885,720
.Ipsm.Ibrquad.I_tst_right<10>.J_H4<2>.I_jcb,885,722
.Ipsm.Ibrquad.I_tst_right<10>.J_H4<3>.I_jcb,885,724
.Ipsm.Ibrquad.I_tst_right<10>.J_H4<4>.I_jcb,885,726
.Ipsm.Ibrquad.I_tst_right<10>.J_H4<5>.I_jcb,885,727
.Ipsm.Ibrquad.I_tst_right<10>.J_H4<6>.I_jcb,885,730
.Ipsm.Ibrquad.I_tst_right<10>.J_H4<7>.I_jcb,885,706
.Ipsm.Ibrquad.I_tst_right<11>.J_H1<0>.I_jcb,885,734
.Ipsm.Ibrquad.I_tst_right<11>.J_H1<1>.I_jcb,885,736
.Ipsm.Ibrquad.I_tst_right<11>.J_H1<2>.I_jcb,885,737
.Ipsm.Ibrquad.I_tst_right<11>.J_H1<3>.I_jcb,885,739
.Ipsm.Ibrquad.I_tst_right<11>.J_H2<0>.I_jcb,885,741
.Ipsm.Ibrquad.I_tst_right<11>.J_H2<1>.I_jcb,885,742
.Ipsm.Ibrquad.I_tst_right<11>.J_H4<0>.I_jcb,885,744
.Ipsm.Ibrquad.I_tst_right<11>.J_H4<1>.I_jcb,885,746
.Ipsm.Ibrquad.I_tst_right<11>.J_H4<2>.I_jcb,885,748
.Ipsm.Ibrquad.I_tst_right<11>.J_H4<3>.I_jcb,885,750
.Ipsm.Ibrquad.I_tst_right<11>.J_H4<4>.I_jcb,885,752
.Ipsm.Ibrquad.I_tst_right<11>.J_H4<5>.I_jcb,885,753
.Ipsm.Ibrquad.I_tst_right<11>.J_H4<6>.I_jcb,885,756
.Ipsm.Ibrquad.I_tst_right<11>.J_H4<7>.I_jcb,885,732
.Ipsm.Ibrquad.I_tst_right<12>.J_H1<0>.I_jcb,885,760
.Ipsm.Ibrquad.I_tst_right<12>.J_H1<1>.I_jcb,885,762
.Ipsm.Ibrquad.I_tst_right<12>.J_H1<2>.I_jcb,885,763
.Ipsm.Ibrquad.I_tst_right<12>.J_H1<3>.I_jcb,885,765
.Ipsm.Ibrquad.I_tst_right<12>.J_H2<0>.I_jcb,885,767
.Ipsm.Ibrquad.I_tst_right<12>.J_H2<1>.I_jcb,885,768
.Ipsm.Ibrquad.I_tst_right<12>.J_H4<0>.I_jcb,885,770
.Ipsm.Ibrquad.I_tst_right<12>.J_H4<1>.I_jcb,885,772
.Ipsm.Ibrquad.I_tst_right<12>.J_H4<2>.I_jcb,885,774
.Ipsm.Ibrquad.I_tst_right<12>.J_H4<3>.I_jcb,885,776
.Ipsm.Ibrquad.I_tst_right<12>.J_H4<4>.I_jcb,885,778
.Ipsm.Ibrquad.I_tst_right<12>.J_H4<5>.I_jcb,885,779
.Ipsm.Ibrquad.I_tst_right<12>.J_H4<6>.I_jcb,885,782
.Ipsm.Ibrquad.I_tst_right<12>.J_H4<7>.I_jcb,885,758
.Ipsm.Ibrquad.I_tst_right<13>.J_H1<0>.I_jcb,885,786
.Ipsm.Ibrquad.I_tst_right<13>.J_H1<1>.I_jcb,885,788
.Ipsm.Ibrquad.I_tst_right<13>.J_H1<2>.I_jcb,885,789
.Ipsm.Ibrquad.I_tst_right<13>.J_H1<3>.I_jcb,885,791
.Ipsm.Ibrquad.I_tst_right<13>.J_H2<0>.I_jcb,885,793
.Ipsm.Ibrquad.I_tst_right<13>.J_H2<1>.I_jcb,885,794
.Ipsm.Ibrquad.I_tst_right<13>.J_H4<0>.I_jcb,885,796
.Ipsm.Ibrquad.I_tst_right<13>.J_H4<1>.I_jcb,885,798
.Ipsm.Ibrquad.I_tst_right<13>.J_H4<2>.I_jcb,885,800
.Ipsm.Ibrquad.I_tst_right<13>.J_H4<3>.I_jcb,885,802
.Ipsm.Ibrquad.I_tst_right<13>.J_H4<4>.I_jcb,885,804
.Ipsm.Ibrquad.I_tst_right<13>.J_H4<5>.I_jcb,885,805
.Ipsm.Ibrquad.I_tst_right<13>.J_H4<6>.I_jcb,885,808
.Ipsm.Ibrquad.I_tst_right<13>.J_H4<7>.I_jcb,885,784
.Ipsm.Ibrquad.I_tst_right<14>.J_H1<0>.I_jcb,885,812
.Ipsm.Ibrquad.I_tst_right<14>.J_H1<1>.I_jcb,885,814
.Ipsm.Ibrquad.I_tst_right<14>.J_H1<2>.I_jcb,885,815
.Ipsm.Ibrquad.I_tst_right<14>.J_H1<3>.I_jcb,885,817
.Ipsm.Ibrquad.I_tst_right<14>.J_H2<0>.I_jcb,885,819
.Ipsm.Ibrquad.I_tst_right<14>.J_H2<1>.I_jcb,885,820
.Ipsm.Ibrquad.I_tst_right<14>.J_H4<0>.I_jcb,885,822
.Ipsm.Ibrquad.I_tst_right<14>.J_H4<1>.I_jcb,885,824
.Ipsm.Ibrquad.I_tst_right<14>.J_H4<2>.I_jcb,885,826
.Ipsm.Ibrquad.I_tst_right<14>.J_H4<3>.I_jcb,885,828
.Ipsm.Ibrquad.I_tst_right<14>.J_H4<4>.I_jcb,885,830
.Ipsm.Ibrquad.I_tst_right<14>.J_H4<5>.I_jcb,885,831
.Ipsm.Ibrquad.I_tst_right<14>.J_H4<6>.I_jcb,885,834
.Ipsm.Ibrquad.I_tst_right<14>.J_H4<7>.I_jcb,885,810
.Ipsm.Ibrquad.I_tst_right<15>.J_H1<0>.I_jcb,885,838
.Ipsm.Ibrquad.I_tst_right<15>.J_H1<1>.I_jcb,885,840
.Ipsm.Ibrquad.I_tst_right<15>.J_H1<2>.I_jcb,885,841
.Ipsm.Ibrquad.I_tst_right<15>.J_H1<3>.I_jcb,885,843
.Ipsm.Ibrquad.I_tst_right<15>.J_H2<0>.I_jcb,885,845
.Ipsm.Ibrquad.I_tst_right<15>.J_H2<1>.I_jcb,885,846
.Ipsm.Ibrquad.I_tst_right<15>.J_H4<0>.I_jcb,885,848
.Ipsm.Ibrquad.I_tst_right<15>.J_H4<1>.I_jcb,885,850
.Ipsm.Ibrquad.I_tst_right<15>.J_H4<2>.I_jcb,885,852
.Ipsm.Ibrquad.I_tst_right<15>.J_H4<3>.I_jcb,885,854
.Ipsm.Ibrquad.I_tst_right<15>.J_H4<4>.I_jcb,885,856
.Ipsm.Ibrquad.I_tst_right<15>.J_H4<5>.I_jcb,885,857
.Ipsm.Ibrquad.I_tst_right<15>.J_H4<6>.I_jcb,885,860
.Ipsm.Ibrquad.I_tst_right<15>.J_H4<7>.I_jcb,885,836
.Ipsm.Ibrquad.I_tst_right<1>.J_H1<0>.I_jcb,885,473
.Ipsm.Ibrquad.I_tst_right<1>.J_H1<1>.I_jcb,885,475
.Ipsm.Ibrquad.I_tst_right<1>.J_H1<2>.I_jcb,885,476
.Ipsm.Ibrquad.I_tst_right<1>.J_H1<3>.I_jcb,885,478
.Ipsm.Ibrquad.I_tst_right<1>.J_H2<0>.I_jcb,885,480
.Ipsm.Ibrquad.I_tst_right<1>.J_H2<1>.I_jcb,885,481
.Ipsm.Ibrquad.I_tst_right<1>.J_H4<0>.I_jcb,885,483
.Ipsm.Ibrquad.I_tst_right<1>.J_H4<1>.I_jcb,885,485
.Ipsm.Ibrquad.I_tst_right<1>.J_H4<2>.I_jcb,885,487
.Ipsm.Ibrquad.I_tst_right<1>.J_H4<3>.I_jcb,885,489
.Ipsm.Ibrquad.I_tst_right<1>.J_H4<4>.I_jcb,885,491
.Ipsm.Ibrquad.I_tst_right<1>.J_H4<5>.I_jcb,885,492
.Ipsm.Ibrquad.I_tst_right<1>.J_H4<6>.I_jcb,885,495
.Ipsm.Ibrquad.I_tst_right<1>.J_H4<7>.I_jcb,885,471
.Ipsm.Ibrquad.I_tst_right<2>.J_H1<0>.I_jcb,885,499
.Ipsm.Ibrquad.I_tst_right<2>.J_H1<1>.I_jcb,885,501
.Ipsm.Ibrquad.I_tst_right<2>.J_H1<2>.I_jcb,885,502
.Ipsm.Ibrquad.I_tst_right<2>.J_H1<3>.I_jcb,885,504
.Ipsm.Ibrquad.I_tst_right<2>.J_H2<0>.I_jcb,885,506
.Ipsm.Ibrquad.I_tst_right<2>.J_H2<1>.I_jcb,885,507
.Ipsm.Ibrquad.I_tst_right<2>.J_H4<0>.I_jcb,885,509
.Ipsm.Ibrquad.I_tst_right<2>.J_H4<1>.I_jcb,885,511
.Ipsm.Ibrquad.I_tst_right<2>.J_H4<2>.I_jcb,885,513
.Ipsm.Ibrquad.I_tst_right<2>.J_H4<3>.I_jcb,885,515
.Ipsm.Ibrquad.I_tst_right<2>.J_H4<4>.I_jcb,885,517
.Ipsm.Ibrquad.I_tst_right<2>.J_H4<5>.I_jcb,885,518
.Ipsm.Ibrquad.I_tst_right<2>.J_H4<6>.I_jcb,885,521
.Ipsm.Ibrquad.I_tst_right<2>.J_H4<7>.I_jcb,885,497
.Ipsm.Ibrquad.I_tst_right<3>.J_H1<0>.I_jcb,885,525
.Ipsm.Ibrquad.I_tst_right<3>.J_H1<1>.I_jcb,885,527
.Ipsm.Ibrquad.I_tst_right<3>.J_H1<2>.I_jcb,885,528
.Ipsm.Ibrquad.I_tst_right<3>.J_H1<3>.I_jcb,885,530
.Ipsm.Ibrquad.I_tst_right<3>.J_H2<0>.I_jcb,885,532
.Ipsm.Ibrquad.I_tst_right<3>.J_H2<1>.I_jcb,885,533
.Ipsm.Ibrquad.I_tst_right<3>.J_H4<0>.I_jcb,885,535
.Ipsm.Ibrquad.I_tst_right<3>.J_H4<1>.I_jcb,885,537
.Ipsm.Ibrquad.I_tst_right<3>.J_H4<2>.I_jcb,885,539
.Ipsm.Ibrquad.I_tst_right<3>.J_H4<3>.I_jcb,885,541
.Ipsm.Ibrquad.I_tst_right<3>.J_H4<4>.I_jcb,885,543
.Ipsm.Ibrquad.I_tst_right<3>.J_H4<5>.I_jcb,885,544
.Ipsm.Ibrquad.I_tst_right<3>.J_H4<6>.I_jcb,885,547
.Ipsm.Ibrquad.I_tst_right<3>.J_H4<7>.I_jcb,885,523
.Ipsm.Ibrquad.I_tst_right<4>.J_H1<0>.I_jcb,885,551
.Ipsm.Ibrquad.I_tst_right<4>.J_H1<1>.I_jcb,885,553
.Ipsm.Ibrquad.I_tst_right<4>.J_H1<2>.I_jcb,885,554
.Ipsm.Ibrquad.I_tst_right<4>.J_H1<3>.I_jcb,885,556
.Ipsm.Ibrquad.I_tst_right<4>.J_H2<0>.I_jcb,885,558
.Ipsm.Ibrquad.I_tst_right<4>.J_H2<1>.I_jcb,885,559
.Ipsm.Ibrquad.I_tst_right<4>.J_H4<0>.I_jcb,885,561
.Ipsm.Ibrquad.I_tst_right<4>.J_H4<1>.I_jcb,885,563
.Ipsm.Ibrquad.I_tst_right<4>.J_H4<2>.I_jcb,885,565
.Ipsm.Ibrquad.I_tst_right<4>.J_H4<3>.I_jcb,885,567
.Ipsm.Ibrquad.I_tst_right<4>.J_H4<4>.I_jcb,885,569
.Ipsm.Ibrquad.I_tst_right<4>.J_H4<5>.I_jcb,885,570
.Ipsm.Ibrquad.I_tst_right<4>.J_H4<6>.I_jcb,885,573
.Ipsm.Ibrquad.I_tst_right<4>.J_H4<7>.I_jcb,885,549
.Ipsm.Ibrquad.I_tst_right<5>.J_H1<0>.I_jcb,885,577
.Ipsm.Ibrquad.I_tst_right<5>.J_H1<1>.I_jcb,885,579
.Ipsm.Ibrquad.I_tst_right<5>.J_H1<2>.I_jcb,885,580
.Ipsm.Ibrquad.I_tst_right<5>.J_H1<3>.I_jcb,885,582
.Ipsm.Ibrquad.I_tst_right<5>.J_H2<0>.I_jcb,885,584
.Ipsm.Ibrquad.I_tst_right<5>.J_H2<1>.I_jcb,885,585
.Ipsm.Ibrquad.I_tst_right<5>.J_H4<0>.I_jcb,885,587
.Ipsm.Ibrquad.I_tst_right<5>.J_H4<1>.I_jcb,885,589
.Ipsm.Ibrquad.I_tst_right<5>.J_H4<2>.I_jcb,885,591
.Ipsm.Ibrquad.I_tst_right<5>.J_H4<3>.I_jcb,885,593
.Ipsm.Ibrquad.I_tst_right<5>.J_H4<4>.I_jcb,885,595
.Ipsm.Ibrquad.I_tst_right<5>.J_H4<5>.I_jcb,885,596
.Ipsm.Ibrquad.I_tst_right<5>.J_H4<6>.I_jcb,885,599
.Ipsm.Ibrquad.I_tst_right<5>.J_H4<7>.I_jcb,885,575
.Ipsm.Ibrquad.I_tst_right<6>.J_H1<0>.I_jcb,885,603
.Ipsm.Ibrquad.I_tst_right<6>.J_H1<1>.I_jcb,885,605
.Ipsm.Ibrquad.I_tst_right<6>.J_H1<2>.I_jcb,885,606
.Ipsm.Ibrquad.I_tst_right<6>.J_H1<3>.I_jcb,885,608
.Ipsm.Ibrquad.I_tst_right<6>.J_H2<0>.I_jcb,885,610
.Ipsm.Ibrquad.I_tst_right<6>.J_H2<1>.I_jcb,885,611
.Ipsm.Ibrquad.I_tst_right<6>.J_H4<0>.I_jcb,885,613
.Ipsm.Ibrquad.I_tst_right<6>.J_H4<1>.I_jcb,885,615
.Ipsm.Ibrquad.I_tst_right<6>.J_H4<2>.I_jcb,885,617
.Ipsm.Ibrquad.I_tst_right<6>.J_H4<3>.I_jcb,885,619
.Ipsm.Ibrquad.I_tst_right<6>.J_H4<4>.I_jcb,885,621
.Ipsm.Ibrquad.I_tst_right<6>.J_H4<5>.I_jcb,885,622
.Ipsm.Ibrquad.I_tst_right<6>.J_H4<6>.I_jcb,885,625
.Ipsm.Ibrquad.I_tst_right<6>.J_H4<7>.I_jcb,885,601
.Ipsm.Ibrquad.I_tst_right<7>.J_H1<0>.I_jcb,885,629
.Ipsm.Ibrquad.I_tst_right<7>.J_H1<1>.I_jcb,885,631
.Ipsm.Ibrquad.I_tst_right<7>.J_H1<2>.I_jcb,885,632
.Ipsm.Ibrquad.I_tst_right<7>.J_H1<3>.I_jcb,885,634
.Ipsm.Ibrquad.I_tst_right<7>.J_H2<0>.I_jcb,885,636
.Ipsm.Ibrquad.I_tst_right<7>.J_H2<1>.I_jcb,885,637
.Ipsm.Ibrquad.I_tst_right<7>.J_H4<0>.I_jcb,885,639
.Ipsm.Ibrquad.I_tst_right<7>.J_H4<1>.I_jcb,885,641
.Ipsm.Ibrquad.I_tst_right<7>.J_H4<2>.I_jcb,885,643
.Ipsm.Ibrquad.I_tst_right<7>.J_H4<3>.I_jcb,885,645
.Ipsm.Ibrquad.I_tst_right<7>.J_H4<4>.I_jcb,885,647
.Ipsm.Ibrquad.I_tst_right<7>.J_H4<5>.I_jcb,885,648
.Ipsm.Ibrquad.I_tst_right<7>.J_H4<6>.I_jcb,885,651
.Ipsm.Ibrquad.I_tst_right<7>.J_H4<7>.I_jcb,885,627
.Ipsm.Ibrquad.I_tst_right<8>.J_H1<0>.I_jcb,885,656
.Ipsm.Ibrquad.I_tst_right<8>.J_H1<1>.I_jcb,885,658
.Ipsm.Ibrquad.I_tst_right<8>.J_H1<2>.I_jcb,885,659
.Ipsm.Ibrquad.I_tst_right<8>.J_H1<3>.I_jcb,885,661
.Ipsm.Ibrquad.I_tst_right<8>.J_H2<0>.I_jcb,885,663
.Ipsm.Ibrquad.I_tst_right<8>.J_H2<1>.I_jcb,885,664
.Ipsm.Ibrquad.I_tst_right<8>.J_H4<0>.I_jcb,885,666
.Ipsm.Ibrquad.I_tst_right<8>.J_H4<1>.I_jcb,885,668
.Ipsm.Ibrquad.I_tst_right<8>.J_H4<2>.I_jcb,885,670
.Ipsm.Ibrquad.I_tst_right<8>.J_H4<3>.I_jcb,885,672
.Ipsm.Ibrquad.I_tst_right<8>.J_H4<4>.I_jcb,885,674
.Ipsm.Ibrquad.I_tst_right<8>.J_H4<5>.I_jcb,885,675
.Ipsm.Ibrquad.I_tst_right<8>.J_H4<6>.I_jcb,885,678
.Ipsm.Ibrquad.I_tst_right<8>.J_H4<7>.I_jcb,885,654
.Ipsm.Ibrquad.I_tst_right<9>.J_H1<0>.I_jcb,885,682
.Ipsm.Ibrquad.I_tst_right<9>.J_H1<1>.I_jcb,885,684
.Ipsm.Ibrquad.I_tst_right<9>.J_H1<2>.I_jcb,885,685
.Ipsm.Ibrquad.I_tst_right<9>.J_H1<3>.I_jcb,885,687
.Ipsm.Ibrquad.I_tst_right<9>.J_H2<0>.I_jcb,885,689
.Ipsm.Ibrquad.I_tst_right<9>.J_H2<1>.I_jcb,885,690
.Ipsm.Ibrquad.I_tst_right<9>.J_H4<0>.I_jcb,885,692
.Ipsm.Ibrquad.I_tst_right<9>.J_H4<1>.I_jcb,885,694
.Ipsm.Ibrquad.I_tst_right<9>.J_H4<2>.I_jcb,885,696
.Ipsm.Ibrquad.I_tst_right<9>.J_H4<3>.I_jcb,885,698
.Ipsm.Ibrquad.I_tst_right<9>.J_H4<4>.I_jcb,885,700
.Ipsm.Ibrquad.I_tst_right<9>.J_H4<5>.I_jcb,885,701
.Ipsm.Ibrquad.I_tst_right<9>.J_H4<6>.I_jcb,885,704
.Ipsm.Ibrquad.I_tst_right<9>.J_H4<7>.I_jcb,885,680
.Ipsm.Itlquad.I_tst_left<0>.I0<0>.I_jcb,0,30
.Ipsm.Itlquad.I_tst_left<0>.I0<1>.I_jcb,0,32
.Ipsm.Itlquad.I_tst_left<0>.I0<2>.I_jcb,0,33
.Ipsm.Itlquad.I_tst_left<0>.I0<3>.I_jcb,0,35
.Ipsm.Itlquad.I_tst_left<0>.I3<0>.I_jcb,0,37
.Ipsm.Itlquad.I_tst_left<0>.I3<1>.I_jcb,0,38
.Ipsm.Itlquad.I_tst_left<0>.I3<2>.I_jcb,0,40
.Ipsm.Itlquad.I_tst_left<0>.I3<3>.I_jcb,0,42
.Ipsm.Itlquad.I_tst_left<0>.I4<0>.I_jcb,0,44
.Ipsm.Itlquad.I_tst_left<0>.I4<1>.I_jcb,0,46
.Ipsm.Itlquad.I_tst_left<0>.I4<2>.I_jcb,0,48
.Ipsm.Itlquad.I_tst_left<0>.I4<3>.I_jcb,0,49
.Ipsm.Itlquad.I_tst_left<10>.I0<0>.I_jcb,0,291
.Ipsm.Itlquad.I_tst_left<10>.I0<1>.I_jcb,0,293
.Ipsm.Itlquad.I_tst_left<10>.I0<2>.I_jcb,0,294
.Ipsm.Itlquad.I_tst_left<10>.I0<3>.I_jcb,0,296
.Ipsm.Itlquad.I_tst_left<10>.I3<0>.I_jcb,0,298
.Ipsm.Itlquad.I_tst_left<10>.I3<1>.I_jcb,0,299
.Ipsm.Itlquad.I_tst_left<10>.I3<2>.I_jcb,0,301
.Ipsm.Itlquad.I_tst_left<10>.I3<3>.I_jcb,0,303
.Ipsm.Itlquad.I_tst_left<10>.I4<0>.I_jcb,0,305
.Ipsm.Itlquad.I_tst_left<10>.I4<1>.I_jcb,0,307
.Ipsm.Itlquad.I_tst_left<10>.I4<2>.I_jcb,0,309
.Ipsm.Itlquad.I_tst_left<10>.I4<3>.I_jcb,0,310
.Ipsm.Itlquad.I_tst_left<11>.I0<0>.I_jcb,0,317
.Ipsm.Itlquad.I_tst_left<11>.I0<1>.I_jcb,0,319
.Ipsm.Itlquad.I_tst_left<11>.I0<2>.I_jcb,0,320
.Ipsm.Itlquad.I_tst_left<11>.I0<3>.I_jcb,0,322
.Ipsm.Itlquad.I_tst_left<11>.I3<0>.I_jcb,0,324
.Ipsm.Itlquad.I_tst_left<11>.I3<1>.I_jcb,0,325
.Ipsm.Itlquad.I_tst_left<11>.I3<2>.I_jcb,0,327
.Ipsm.Itlquad.I_tst_left<11>.I3<3>.I_jcb,0,329
.Ipsm.Itlquad.I_tst_left<11>.I4<0>.I_jcb,0,331
.Ipsm.Itlquad.I_tst_left<11>.I4<1>.I_jcb,0,333
.Ipsm.Itlquad.I_tst_left<11>.I4<2>.I_jcb,0,335
.Ipsm.Itlquad.I_tst_left<11>.I4<3>.I_jcb,0,336
.Ipsm.Itlquad.I_tst_left<12>.I0<0>.I_jcb,0,343
.Ipsm.Itlquad.I_tst_left<12>.I0<1>.I_jcb,0,345
.Ipsm.Itlquad.I_tst_left<12>.I0<2>.I_jcb,0,346
.Ipsm.Itlquad.I_tst_left<12>.I0<3>.I_jcb,0,348
.Ipsm.Itlquad.I_tst_left<12>.I3<0>.I_jcb,0,350
.Ipsm.Itlquad.I_tst_left<12>.I3<1>.I_jcb,0,351
.Ipsm.Itlquad.I_tst_left<12>.I3<2>.I_jcb,0,353
.Ipsm.Itlquad.I_tst_left<12>.I3<3>.I_jcb,0,355
.Ipsm.Itlquad.I_tst_left<12>.I4<0>.I_jcb,0,357
.Ipsm.Itlquad.I_tst_left<12>.I4<1>.I_jcb,0,359
.Ipsm.Itlquad.I_tst_left<12>.I4<2>.I_jcb,0,361
.Ipsm.Itlquad.I_tst_left<12>.I4<3>.I_jcb,0,362
.Ipsm.Itlquad.I_tst_left<13>.I0<0>.I_jcb,0,369
.Ipsm.Itlquad.I_tst_left<13>.I0<1>.I_jcb,0,371
.Ipsm.Itlquad.I_tst_left<13>.I0<2>.I_jcb,0,372
.Ipsm.Itlquad.I_tst_left<13>.I0<3>.I_jcb,0,374
.Ipsm.Itlquad.I_tst_left<13>.I3<0>.I_jcb,0,376
.Ipsm.Itlquad.I_tst_left<13>.I3<1>.I_jcb,0,377
.Ipsm.Itlquad.I_tst_left<13>.I3<2>.I_jcb,0,379
.Ipsm.Itlquad.I_tst_left<13>.I3<3>.I_jcb,0,381
.Ipsm.Itlquad.I_tst_left<13>.I4<0>.I_jcb,0,383
.Ipsm.Itlquad.I_tst_left<13>.I4<1>.I_jcb,0,385
.Ipsm.Itlquad.I_tst_left<13>.I4<2>.I_jcb,0,387
.Ipsm.Itlquad.I_tst_left<13>.I4<3>.I_jcb,0,388
.Ipsm.Itlquad.I_tst_left<14>.I0<0>.I_jcb,0,395
.Ipsm.Itlquad.I_tst_left<14>.I0<1>.I_jcb,0,397
.Ipsm.Itlquad.I_tst_left<14>.I0<2>.I_jcb,0,398
.Ipsm.Itlquad.I_tst_left<14>.I0<3>.I_jcb,0,400
.Ipsm.Itlquad.I_tst_left<14>.I3<0>.I_jcb,0,402
.Ipsm.Itlquad.I_tst_left<14>.I3<1>.I_jcb,0,403
.Ipsm.Itlquad.I_tst_left<14>.I3<2>.I_jcb,0,405
.Ipsm.Itlquad.I_tst_left<14>.I3<3>.I_jcb,0,407
.Ipsm.Itlquad.I_tst_left<14>.I4<0>.I_jcb,0,409
.Ipsm.Itlquad.I_tst_left<14>.I4<1>.I_jcb,0,411
.Ipsm.Itlquad.I_tst_left<14>.I4<2>.I_jcb,0,413
.Ipsm.Itlquad.I_tst_left<14>.I4<3>.I_jcb,0,414
.Ipsm.Itlquad.I_tst_left<15>.I0<0>.I_jcb,0,421
.Ipsm.Itlquad.I_tst_left<15>.I0<1>.I_jcb,0,423
.Ipsm.Itlquad.I_tst_left<15>.I0<2>.I_jcb,0,424
.Ipsm.Itlquad.I_tst_left<15>.I0<3>.I_jcb,0,426
.Ipsm.Itlquad.I_tst_left<15>.I3<0>.I_jcb,0,428
.Ipsm.Itlquad.I_tst_left<15>.I3<1>.I_jcb,0,429
.Ipsm.Itlquad.I_tst_left<15>.I3<2>.I_jcb,0,431
.Ipsm.Itlquad.I_tst_left<15>.I3<3>.I_jcb,0,433
.Ipsm.Itlquad.I_tst_left<15>.I4<0>.I_jcb,0,435
.Ipsm.Itlquad.I_tst_left<15>.I4<1>.I_jcb,0,437
.Ipsm.Itlquad.I_tst_left<15>.I4<2>.I_jcb,0,439
.Ipsm.Itlquad.I_tst_left<15>.I4<3>.I_jcb,0,440
.Ipsm.Itlquad.I_tst_left<1>.I0<0>.I_jcb,0,56
.Ipsm.Itlquad.I_tst_left<1>.I0<1>.I_jcb,0,58
.Ipsm.Itlquad.I_tst_left<1>.I0<2>.I_jcb,0,59
.Ipsm.Itlquad.I_tst_left<1>.I0<3>.I_jcb,0,61
.Ipsm.Itlquad.I_tst_left<1>.I3<0>.I_jcb,0,63
.Ipsm.Itlquad.I_tst_left<1>.I3<1>.I_jcb,0,64
.Ipsm.Itlquad.I_tst_left<1>.I3<2>.I_jcb,0,66
.Ipsm.Itlquad.I_tst_left<1>.I3<3>.I_jcb,0,68
.Ipsm.Itlquad.I_tst_left<1>.I4<0>.I_jcb,0,70
.Ipsm.Itlquad.I_tst_left<1>.I4<1>.I_jcb,0,72
.Ipsm.Itlquad.I_tst_left<1>.I4<2>.I_jcb,0,74
.Ipsm.Itlquad.I_tst_left<1>.I4<3>.I_jcb,0,75
.Ipsm.Itlquad.I_tst_left<2>.I0<0>.I_jcb,0,82
.Ipsm.Itlquad.I_tst_left<2>.I0<1>.I_jcb,0,84
.Ipsm.Itlquad.I_tst_left<2>.I0<2>.I_jcb,0,85
.Ipsm.Itlquad.I_tst_left<2>.I0<3>.I_jcb,0,87
.Ipsm.Itlquad.I_tst_left<2>.I3<0>.I_jcb,0,89
.Ipsm.Itlquad.I_tst_left<2>.I3<1>.I_jcb,0,90
.Ipsm.Itlquad.I_tst_left<2>.I3<2>.I_jcb,0,92
.Ipsm.Itlquad.I_tst_left<2>.I3<3>.I_jcb,0,94
.Ipsm.Itlquad.I_tst_left<2>.I4<0>.I_jcb,0,96
.Ipsm.Itlquad.I_tst_left<2>.I4<1>.I_jcb,0,98
.Ipsm.Itlquad.I_tst_left<2>.I4<2>.I_jcb,0,100
.Ipsm.Itlquad.I_tst_left<2>.I4<3>.I_jcb,0,101
.Ipsm.Itlquad.I_tst_left<3>.I0<0>.I_jcb,0,108
.Ipsm.Itlquad.I_tst_left<3>.I0<1>.I_jcb,0,110
.Ipsm.Itlquad.I_tst_left<3>.I0<2>.I_jcb,0,111
.Ipsm.Itlquad.I_tst_left<3>.I0<3>.I_jcb,0,113
.Ipsm.Itlquad.I_tst_left<3>.I3<0>.I_jcb,0,115
.Ipsm.Itlquad.I_tst_left<3>.I3<1>.I_jcb,0,116
.Ipsm.Itlquad.I_tst_left<3>.I3<2>.I_jcb,0,118
.Ipsm.Itlquad.I_tst_left<3>.I3<3>.I_jcb,0,120
.Ipsm.Itlquad.I_tst_left<3>.I4<0>.I_jcb,0,122
.Ipsm.Itlquad.I_tst_left<3>.I4<1>.I_jcb,0,124
.Ipsm.Itlquad.I_tst_left<3>.I4<2>.I_jcb,0,126
.Ipsm.Itlquad.I_tst_left<3>.I4<3>.I_jcb,0,127
.Ipsm.Itlquad.I_tst_left<4>.I0<0>.I_jcb,0,134
.Ipsm.Itlquad.I_tst_left<4>.I0<1>.I_jcb,0,136
.Ipsm.Itlquad.I_tst_left<4>.I0<2>.I_jcb,0,137
.Ipsm.Itlquad.I_tst_left<4>.I0<3>.I_jcb,0,139
.Ipsm.Itlquad.I_tst_left<4>.I3<0>.I_jcb,0,141
.Ipsm.Itlquad.I_tst_left<4>.I3<1>.I_jcb,0,142
.Ipsm.Itlquad.I_tst_left<4>.I3<2>.I_jcb,0,144
.Ipsm.Itlquad.I_tst_left<4>.I3<3>.I_jcb,0,146
.Ipsm.Itlquad.I_tst_left<4>.I4<0>.I_jcb,0,148
.Ipsm.Itlquad.I_tst_left<4>.I4<1>.I_jcb,0,150
.Ipsm.Itlquad.I_tst_left<4>.I4<2>.I_jcb,0,152
.Ipsm.Itlquad.I_tst_left<4>.I4<3>.I_jcb,0,153
.Ipsm.Itlquad.I_tst_left<5>.I0<0>.I_jcb,0,160
.Ipsm.Itlquad.I_tst_left<5>.I0<1>.I_jcb,0,162
.Ipsm.Itlquad.I_tst_left<5>.I0<2>.I_jcb,0,163
.Ipsm.Itlquad.I_tst_left<5>.I0<3>.I_jcb,0,165
.Ipsm.Itlquad.I_tst_left<5>.I3<0>.I_jcb,0,167
.Ipsm.Itlquad.I_tst_left<5>.I3<1>.I_jcb,0,168
.Ipsm.Itlquad.I_tst_left<5>.I3<2>.I_jcb,0,170
.Ipsm.Itlquad.I_tst_left<5>.I3<3>.I_jcb,0,172
.Ipsm.Itlquad.I_tst_left<5>.I4<0>.I_jcb,0,174
.Ipsm.Itlquad.I_tst_left<5>.I4<1>.I_jcb,0,176
.Ipsm.Itlquad.I_tst_left<5>.I4<2>.I_jcb,0,178
.Ipsm.Itlquad.I_tst_left<5>.I4<3>.I_jcb,0,179
.Ipsm.Itlquad.I_tst_left<6>.I0<0>.I_jcb,0,186
.Ipsm.Itlquad.I_tst_left<6>.I0<1>.I_jcb,0,188
.Ipsm.Itlquad.I_tst_left<6>.I0<2>.I_jcb,0,189
.Ipsm.Itlquad.I_tst_left<6>.I0<3>.I_jcb,0,191
.Ipsm.Itlquad.I_tst_left<6>.I3<0>.I_jcb,0,193
.Ipsm.Itlquad.I_tst_left<6>.I3<1>.I_jcb,0,194
.Ipsm.Itlquad.I_tst_left<6>.I3<2>.I_jcb,0,196
.Ipsm.Itlquad.I_tst_left<6>.I3<3>.I_jcb,0,198
.Ipsm.Itlquad.I_tst_left<6>.I4<0>.I_jcb,0,200
.Ipsm.Itlquad.I_tst_left<6>.I4<1>.I_jcb,0,202
.Ipsm.Itlquad.I_tst_left<6>.I4<2>.I_jcb,0,204
.Ipsm.Itlquad.I_tst_left<6>.I4<3>.I_jcb,0,205
.Ipsm.Itlquad.I_tst_left<7>.I0<0>.I_jcb,0,212
.Ipsm.Itlquad.I_tst_left<7>.I0<1>.I_jcb,0,214
.Ipsm.Itlquad.I_tst_left<7>.I0<2>.I_jcb,0,215
.Ipsm.Itlquad.I_tst_left<7>.I0<3>.I_jcb,0,217
.Ipsm.Itlquad.I_tst_left<7>.I3<0>.I_jcb,0,219
.Ipsm.Itlquad.I_tst_left<7>.I3<1>.I_jcb,0,220
.Ipsm.Itlquad.I_tst_left<7>.I3<2>.I_jcb,0,222
.Ipsm.Itlquad.I_tst_left<7>.I3<3>.I_jcb,0,224
.Ipsm.Itlquad.I_tst_left<7>.I4<0>.I_jcb,0,226
.Ipsm.Itlquad.I_tst_left<7>.I4<1>.I_jcb,0,228
.Ipsm.Itlquad.I_tst_left<7>.I4<2>.I_jcb,0,230
.Ipsm.Itlquad.I_tst_left<7>.I4<3>.I_jcb,0,231
.Ipsm.Itlquad.I_tst_left<8>.I0<0>.I_jcb,0,239
.Ipsm.Itlquad.I_tst_left<8>.I0<1>.I_jcb,0,241
.Ipsm.Itlquad.I_tst_left<8>.I0<2>.I_jcb,0,242
.Ipsm.Itlquad.I_tst_left<8>.I0<3>.I_jcb,0,244
.Ipsm.Itlquad.I_tst_left<8>.I3<0>.I_jcb,0,246
.Ipsm.Itlquad.I_tst_left<8>.I3<1>.I_jcb,0,247
.Ipsm.Itlquad.I_tst_left<8>.I3<2>.I_jcb,0,249
.Ipsm.Itlquad.I_tst_left<8>.I3<3>.I_jcb,0,251
.Ipsm.Itlquad.I_tst_left<8>.I4<0>.I_jcb,0,253
.Ipsm.Itlquad.I_tst_left<8>.I4<1>.I_jcb,0,255
.Ipsm.Itlquad.I_tst_left<8>.I4<2>.I_jcb,0,257
.Ipsm.Itlquad.I_tst_left<8>.I4<3>.I_jcb,0,258
.Ipsm.Itlquad.I_tst_left<9>.I0<0>.I_jcb,0,265
.Ipsm.Itlquad.I_tst_left<9>.I0<1>.I_jcb,0,267
.Ipsm.Itlquad.I_tst_left<9>.I0<2>.I_jcb,0,268
.Ipsm.Itlquad.I_tst_left<9>.I0<3>.I_jcb,0,270
.Ipsm.Itlquad.I_tst_left<9>.I3<0>.I_jcb,0,272
.Ipsm.Itlquad.I_tst_left<9>.I3<1>.I_jcb,0,273
.Ipsm.Itlquad.I_tst_left<9>.I3<2>.I_jcb,0,275
.Ipsm.Itlquad.I_tst_left<9>.I3<3>.I_jcb,0,277
.Ipsm.Itlquad.I_tst_left<9>.I4<0>.I_jcb,0,279
.Ipsm.Itlquad.I_tst_left<9>.I4<1>.I_jcb,0,281
.Ipsm.Itlquad.I_tst_left<9>.I4<2>.I_jcb,0,283
.Ipsm.Itlquad.I_tst_left<9>.I4<3>.I_jcb,0,284
.Ipsm.Itlquad.I_tst_lt.I0<0>.I_jcb,26,4
.Ipsm.Itlquad.I_tst_lt.I0<1>.I_jcb,26,6
.Ipsm.Itlquad.I_tst_lt.I0<2>.I_jcb,26,7
.Ipsm.Itlquad.I_tst_lt.I0<3>.I_jcb,26,9
.Ipsm.Itlquad.I_tst_lt.I3<0>.I_jcb,26,11
.Ipsm.Itlquad.I_tst_lt.I3<1>.I_jcb,26,12
.Ipsm.Itlquad.I_tst_lt.I3<2>.I_jcb,26,14
.Ipsm.Itlquad.I_tst_lt.I3<3>.I_jcb,26,16
.Ipsm.Itlquad.I_tst_lt.I4<0>.I_jcb,26,18
.Ipsm.Itlquad.I_tst_lt.I4<1>.I_jcb,26,20
.Ipsm.Itlquad.I_tst_lt.I4<2>.I_jcb,26,22
.Ipsm.Itlquad.I_tst_lt.I4<3>.I_jcb,26,23
.Ipsm.Itlquad.I_tst_tl.I0<0>.I_jcb,1,26
.Ipsm.Itlquad.I_tst_tl.I0<1>.I_jcb,5,26
.Ipsm.Itlquad.I_tst_tl.I0<2>.I_jcb,8,26
.Ipsm.Itlquad.I_tst_tl.I0<3>.I_jcb,12,26
.Ipsm.Itlquad.I_tst_tl.I3<0>.I_jcb,15,26
.Ipsm.Itlquad.I_tst_tl.I3<1>.I_jcb,16,26
.Ipsm.Itlquad.I_tst_tl.I4<0>.I_jcb,18,26
.Ipsm.Itlquad.I_tst_tl.I4<1>.I_jcb,19,26
.Ipsm.Itlquad.I_tst_tl.I4<2>.I_jcb,20,26
.Ipsm.Itlquad.I_tst_tl.I4<3>.I_jcb,21,26
.Ipsm.Itlquad.I_tst_tl.I4<4>.I_jcb,22,26
.Ipsm.Itlquad.I_tst_tl.I4<5>.I_jcb,23,26
.Ipsm.Itlquad.I_tst_tl.I4<6>.I_jcb,25,26
.Ipsm.Itlquad.I_tst_tl.I4<7>.I_jcb,26,26
.Ipsm.Itlquad.I_tst_top<0>.I0<0>.I_jcb,27,0
.Ipsm.Itlquad.I_tst_top<0>.I0<1>.I_jcb,31,0
.Ipsm.Itlquad.I_tst_top<0>.I0<2>.I_jcb,34,0
.Ipsm.Itlquad.I_tst_top<0>.I0<3>.I_jcb,38,0
.Ipsm.Itlquad.I_tst_top<0>.I3<0>.I_jcb,41,0
.Ipsm.Itlquad.I_tst_top<0>.I3<1>.I_jcb,42,0
.Ipsm.Itlquad.I_tst_top<0>.I4<0>.I_jcb,44,0
.Ipsm.Itlquad.I_tst_top<0>.I4<1>.I_jcb,45,0
.Ipsm.Itlquad.I_tst_top<0>.I4<2>.I_jcb,46,0
.Ipsm.Itlquad.I_tst_top<0>.I4<3>.I_jcb,47,0
.Ipsm.Itlquad.I_tst_top<0>.I4<4>.I_jcb,48,0
.Ipsm.Itlquad.I_tst_top<0>.I4<5>.I_jcb,49,0
.Ipsm.Itlquad.I_tst_top<0>.I4<6>.I_jcb,51,0
.Ipsm.Itlquad.I_tst_top<0>.I4<7>.I_jcb,52,0
.Ipsm.Itlquad.I_tst_top<10>.I0<0>.I_jcb,287,0
.Ipsm.Itlquad.I_tst_top<10>.I0<1>.I_jcb,291,0
.Ipsm.Itlquad.I_tst_top<10>.I0<2>.I_jcb,294,0
.Ipsm.Itlquad.I_tst_top<10>.I0<3>.I_jcb,298,0
.Ipsm.Itlquad.I_tst_top<10>.I3<0>.I_jcb,301,0
.Ipsm.Itlquad.I_tst_top<10>.I3<1>.I_jcb,302,0
.Ipsm.Itlquad.I_tst_top<10>.I4<0>.I_jcb,304,0
.Ipsm.Itlquad.I_tst_top<10>.I4<1>.I_jcb,305,0
.Ipsm.Itlquad.I_tst_top<10>.I4<2>.I_jcb,306,0
.Ipsm.Itlquad.I_tst_top<10>.I4<3>.I_jcb,307,0
.Ipsm.Itlquad.I_tst_top<10>.I4<4>.I_jcb,308,0
.Ipsm.Itlquad.I_tst_top<10>.I4<5>.I_jcb,309,0
.Ipsm.Itlquad.I_tst_top<10>.I4<6>.I_jcb,311,0
.Ipsm.Itlquad.I_tst_top<10>.I4<7>.I_jcb,312,0
.Ipsm.Itlquad.I_tst_top<11>.I0<0>.I_jcb,313,0
.Ipsm.Itlquad.I_tst_top<11>.I0<1>.I_jcb,317,0
.Ipsm.Itlquad.I_tst_top<11>.I0<2>.I_jcb,320,0
.Ipsm.Itlquad.I_tst_top<11>.I0<3>.I_jcb,324,0
.Ipsm.Itlquad.I_tst_top<11>.I3<0>.I_jcb,327,0
.Ipsm.Itlquad.I_tst_top<11>.I3<1>.I_jcb,328,0
.Ipsm.Itlquad.I_tst_top<11>.I4<0>.I_jcb,330,0
.Ipsm.Itlquad.I_tst_top<11>.I4<1>.I_jcb,331,0
.Ipsm.Itlquad.I_tst_top<11>.I4<2>.I_jcb,332,0
.Ipsm.Itlquad.I_tst_top<11>.I4<3>.I_jcb,333,0
.Ipsm.Itlquad.I_tst_top<11>.I4<4>.I_jcb,334,0
.Ipsm.Itlquad.I_tst_top<11>.I4<5>.I_jcb,335,0
.Ipsm.Itlquad.I_tst_top<11>.I4<6>.I_jcb,337,0
.Ipsm.Itlquad.I_tst_top<11>.I4<7>.I_jcb,338,0
.Ipsm.Itlquad.I_tst_top<12>.I0<0>.I_jcb,339,0
.Ipsm.Itlquad.I_tst_top<12>.I0<1>.I_jcb,343,0
.Ipsm.Itlquad.I_tst_top<12>.I0<2>.I_jcb,346,0
.Ipsm.Itlquad.I_tst_top<12>.I0<3>.I_jcb,350,0
.Ipsm.Itlquad.I_tst_top<12>.I3<0>.I_jcb,353,0
.Ipsm.Itlquad.I_tst_top<12>.I3<1>.I_jcb,354,0
.Ipsm.Itlquad.I_tst_top<12>.I4<0>.I_jcb,356,0
.Ipsm.Itlquad.I_tst_top<12>.I4<1>.I_jcb,357,0
.Ipsm.Itlquad.I_tst_top<12>.I4<2>.I_jcb,358,0
.Ipsm.Itlquad.I_tst_top<12>.I4<3>.I_jcb,359,0
.Ipsm.Itlquad.I_tst_top<12>.I4<4>.I_jcb,360,0
.Ipsm.Itlquad.I_tst_top<12>.I4<5>.I_jcb,361,0
.Ipsm.Itlquad.I_tst_top<12>.I4<6>.I_jcb,363,0
.Ipsm.Itlquad.I_tst_top<12>.I4<7>.I_jcb,364,0
.Ipsm.Itlquad.I_tst_top<13>.I0<0>.I_jcb,365,0
.Ipsm.Itlquad.I_tst_top<13>.I0<1>.I_jcb,369,0
.Ipsm.Itlquad.I_tst_top<13>.I0<2>.I_jcb,372,0
.Ipsm.Itlquad.I_tst_top<13>.I0<3>.I_jcb,376,0
.Ipsm.Itlquad.I_tst_top<13>.I3<0>.I_jcb,379,0
.Ipsm.Itlquad.I_tst_top<13>.I3<1>.I_jcb,380,0
.Ipsm.Itlquad.I_tst_top<13>.I4<0>.I_jcb,382,0
.Ipsm.Itlquad.I_tst_top<13>.I4<1>.I_jcb,383,0
.Ipsm.Itlquad.I_tst_top<13>.I4<2>.I_jcb,384,0
.Ipsm.Itlquad.I_tst_top<13>.I4<3>.I_jcb,385,0
.Ipsm.Itlquad.I_tst_top<13>.I4<4>.I_jcb,386,0
.Ipsm.Itlquad.I_tst_top<13>.I4<5>.I_jcb,387,0
.Ipsm.Itlquad.I_tst_top<13>.I4<6>.I_jcb,389,0
.Ipsm.Itlquad.I_tst_top<13>.I4<7>.I_jcb,390,0
.Ipsm.Itlquad.I_tst_top<14>.I0<0>.I_jcb,391,0
.Ipsm.Itlquad.I_tst_top<14>.I0<1>.I_jcb,395,0
.Ipsm.Itlquad.I_tst_top<14>.I0<2>.I_jcb,398,0
.Ipsm.Itlquad.I_tst_top<14>.I0<3>.I_jcb,402,0
.Ipsm.Itlquad.I_tst_top<14>.I3<0>.I_jcb,405,0
.Ipsm.Itlquad.I_tst_top<14>.I3<1>.I_jcb,406,0
.Ipsm.Itlquad.I_tst_top<14>.I4<0>.I_jcb,408,0
.Ipsm.Itlquad.I_tst_top<14>.I4<1>.I_jcb,409,0
.Ipsm.Itlquad.I_tst_top<14>.I4<2>.I_jcb,410,0
.Ipsm.Itlquad.I_tst_top<14>.I4<3>.I_jcb,411,0
.Ipsm.Itlquad.I_tst_top<14>.I4<4>.I_jcb,412,0
.Ipsm.Itlquad.I_tst_top<14>.I4<5>.I_jcb,413,0
.Ipsm.Itlquad.I_tst_top<14>.I4<6>.I_jcb,415,0
.Ipsm.Itlquad.I_tst_top<14>.I4<7>.I_jcb,416,0
.Ipsm.Itlquad.I_tst_top<15>.I0<0>.I_jcb,417,0
.Ipsm.Itlquad.I_tst_top<15>.I0<1>.I_jcb,421,0
.Ipsm.Itlquad.I_tst_top<15>.I0<2>.I_jcb,424,0
.Ipsm.Itlquad.I_tst_top<15>.I0<3>.I_jcb,428,0
.Ipsm.Itlquad.I_tst_top<15>.I3<0>.I_jcb,431,0
.Ipsm.Itlquad.I_tst_top<15>.I3<1>.I_jcb,432,0
.Ipsm.Itlquad.I_tst_top<15>.I4<0>.I_jcb,434,0
.Ipsm.Itlquad.I_tst_top<15>.I4<1>.I_jcb,435,0
.Ipsm.Itlquad.I_tst_top<15>.I4<2>.I_jcb,436,0
.Ipsm.Itlquad.I_tst_top<15>.I4<3>.I_jcb,437,0
.Ipsm.Itlquad.I_tst_top<15>.I4<4>.I_jcb,438,0
.Ipsm.Itlquad.I_tst_top<15>.I4<5>.I_jcb,439,0
.Ipsm.Itlquad.I_tst_top<15>.I4<6>.I_jcb,441,0
.Ipsm.Itlquad.I_tst_top<15>.I4<7>.I_jcb,442,0
.Ipsm.Itlquad.I_tst_top<1>.I0<0>.I_jcb,53,0
.Ipsm.Itlquad.I_tst_top<1>.I0<1>.I_jcb,57,0
.Ipsm.Itlquad.I_tst_top<1>.I0<2>.I_jcb,60,0
.Ipsm.Itlquad.I_tst_top<1>.I0<3>.I_jcb,64,0
.Ipsm.Itlquad.I_tst_top<1>.I3<0>.I_jcb,67,0
.Ipsm.Itlquad.I_tst_top<1>.I3<1>.I_jcb,68,0
.Ipsm.Itlquad.I_tst_top<1>.I4<0>.I_jcb,70,0
.Ipsm.Itlquad.I_tst_top<1>.I4<1>.I_jcb,71,0
.Ipsm.Itlquad.I_tst_top<1>.I4<2>.I_jcb,72,0
.Ipsm.Itlquad.I_tst_top<1>.I4<3>.I_jcb,73,0
.Ipsm.Itlquad.I_tst_top<1>.I4<4>.I_jcb,74,0
.Ipsm.Itlquad.I_tst_top<1>.I4<5>.I_jcb,75,0
.Ipsm.Itlquad.I_tst_top<1>.I4<6>.I_jcb,77,0
.Ipsm.Itlquad.I_tst_top<1>.I4<7>.I_jcb,78,0
.Ipsm.Itlquad.I_tst_top<2>.I0<0>.I_jcb,79,0
.Ipsm.Itlquad.I_tst_top<2>.I0<1>.I_jcb,83,0
.Ipsm.Itlquad.I_tst_top<2>.I0<2>.I_jcb,86,0
.Ipsm.Itlquad.I_tst_top<2>.I0<3>.I_jcb,90,0
.Ipsm.Itlquad.I_tst_top<2>.I3<0>.I_jcb,93,0
.Ipsm.Itlquad.I_tst_top<2>.I3<1>.I_jcb,94,0
.Ipsm.Itlquad.I_tst_top<2>.I4<0>.I_jcb,96,0
.Ipsm.Itlquad.I_tst_top<2>.I4<1>.I_jcb,97,0
.Ipsm.Itlquad.I_tst_top<2>.I4<2>.I_jcb,98,0
.Ipsm.Itlquad.I_tst_top<2>.I4<3>.I_jcb,99,0
.Ipsm.Itlquad.I_tst_top<2>.I4<4>.I_jcb,100,0
.Ipsm.Itlquad.I_tst_top<2>.I4<5>.I_jcb,101,0
.Ipsm.Itlquad.I_tst_top<2>.I4<6>.I_jcb,103,0
.Ipsm.Itlquad.I_tst_top<2>.I4<7>.I_jcb,104,0
.Ipsm.Itlquad.I_tst_top<3>.I0<0>.I_jcb,105,0
.Ipsm.Itlquad.I_tst_top<3>.I0<1>.I_jcb,109,0
.Ipsm.Itlquad.I_tst_top<3>.I0<2>.I_jcb,112,0
.Ipsm.Itlquad.I_tst_top<3>.I0<3>.I_jcb,116,0
.Ipsm.Itlquad.I_tst_top<3>.I3<0>.I_jcb,119,0
.Ipsm.Itlquad.I_tst_top<3>.I3<1>.I_jcb,120,0
.Ipsm.Itlquad.I_tst_top<3>.I4<0>.I_jcb,122,0
.Ipsm.Itlquad.I_tst_top<3>.I4<1>.I_jcb,123,0
.Ipsm.Itlquad.I_tst_top<3>.I4<2>.I_jcb,124,0
.Ipsm.Itlquad.I_tst_top<3>.I4<3>.I_jcb,125,0
.Ipsm.Itlquad.I_tst_top<3>.I4<4>.I_jcb,126,0
.Ipsm.Itlquad.I_tst_top<3>.I4<5>.I_jcb,127,0
.Ipsm.Itlquad.I_tst_top<3>.I4<6>.I_jcb,129,0
.Ipsm.Itlquad.I_tst_top<3>.I4<7>.I_jcb,130,0
.Ipsm.Itlquad.I_tst_top<4>.I0<0>.I_jcb,131,0
.Ipsm.Itlquad.I_tst_top<4>.I0<1>.I_jcb,135,0
.Ipsm.Itlquad.I_tst_top<4>.I0<2>.I_jcb,138,0
.Ipsm.Itlquad.I_tst_top<4>.I0<3>.I_jcb,142,0
.Ipsm.Itlquad.I_tst_top<4>.I3<0>.I_jcb,145,0
.Ipsm.Itlquad.I_tst_top<4>.I3<1>.I_jcb,146,0
.Ipsm.Itlquad.I_tst_top<4>.I4<0>.I_jcb,148,0
.Ipsm.Itlquad.I_tst_top<4>.I4<1>.I_jcb,149,0
.Ipsm.Itlquad.I_tst_top<4>.I4<2>.I_jcb,150,0
.Ipsm.Itlquad.I_tst_top<4>.I4<3>.I_jcb,151,0
.Ipsm.Itlquad.I_tst_top<4>.I4<4>.I_jcb,152,0
.Ipsm.Itlquad.I_tst_top<4>.I4<5>.I_jcb,153,0
.Ipsm.Itlquad.I_tst_top<4>.I4<6>.I_jcb,155,0
.Ipsm.Itlquad.I_tst_top<4>.I4<7>.I_jcb,156,0
.Ipsm.Itlquad.I_tst_top<5>.I0<0>.I_jcb,157,0
.Ipsm.Itlquad.I_tst_top<5>.I0<1>.I_jcb,161,0
.Ipsm.Itlquad.I_tst_top<5>.I0<2>.I_jcb,164,0
.Ipsm.Itlquad.I_tst_top<5>.I0<3>.I_jcb,168,0
.Ipsm.Itlquad.I_tst_top<5>.I3<0>.I_jcb,171,0
.Ipsm.Itlquad.I_tst_top<5>.I3<1>.I_jcb,172,0
.Ipsm.Itlquad.I_tst_top<5>.I4<0>.I_jcb,174,0
.Ipsm.Itlquad.I_tst_top<5>.I4<1>.I_jcb,175,0
.Ipsm.Itlquad.I_tst_top<5>.I4<2>.I_jcb,176,0
.Ipsm.Itlquad.I_tst_top<5>.I4<3>.I_jcb,177,0
.Ipsm.Itlquad.I_tst_top<5>.I4<4>.I_jcb,178,0
.Ipsm.Itlquad.I_tst_top<5>.I4<5>.I_jcb,179,0
.Ipsm.Itlquad.I_tst_top<5>.I4<6>.I_jcb,181,0
.Ipsm.Itlquad.I_tst_top<5>.I4<7>.I_jcb,182,0
.Ipsm.Itlquad.I_tst_top<6>.I0<0>.I_jcb,183,0
.Ipsm.Itlquad.I_tst_top<6>.I0<1>.I_jcb,187,0
.Ipsm.Itlquad.I_tst_top<6>.I0<2>.I_jcb,190,0
.Ipsm.Itlquad.I_tst_top<6>.I0<3>.I_jcb,194,0
.Ipsm.Itlquad.I_tst_top<6>.I3<0>.I_jcb,197,0
.Ipsm.Itlquad.I_tst_top<6>.I3<1>.I_jcb,198,0
.Ipsm.Itlquad.I_tst_top<6>.I4<0>.I_jcb,200,0
.Ipsm.Itlquad.I_tst_top<6>.I4<1>.I_jcb,201,0
.Ipsm.Itlquad.I_tst_top<6>.I4<2>.I_jcb,202,0
.Ipsm.Itlquad.I_tst_top<6>.I4<3>.I_jcb,203,0
.Ipsm.Itlquad.I_tst_top<6>.I4<4>.I_jcb,204,0
.Ipsm.Itlquad.I_tst_top<6>.I4<5>.I_jcb,205,0
.Ipsm.Itlquad.I_tst_top<6>.I4<6>.I_jcb,207,0
.Ipsm.Itlquad.I_tst_top<6>.I4<7>.I_jcb,208,0
.Ipsm.Itlquad.I_tst_top<7>.I0<0>.I_jcb,209,0
.Ipsm.Itlquad.I_tst_top<7>.I0<1>.I_jcb,213,0
.Ipsm.Itlquad.I_tst_top<7>.I0<2>.I_jcb,216,0
.Ipsm.Itlquad.I_tst_top<7>.I0<3>.I_jcb,220,0
.Ipsm.Itlquad.I_tst_top<7>.I3<0>.I_jcb,223,0
.Ipsm.Itlquad.I_tst_top<7>.I3<1>.I_jcb,224,0
.Ipsm.Itlquad.I_tst_top<7>.I4<0>.I_jcb,226,0
.Ipsm.Itlquad.I_tst_top<7>.I4<1>.I_jcb,227,0
.Ipsm.Itlquad.I_tst_top<7>.I4<2>.I_jcb,228,0
.Ipsm.Itlquad.I_tst_top<7>.I4<3>.I_jcb,229,0
.Ipsm.Itlquad.I_tst_top<7>.I4<4>.I_jcb,230,0
.Ipsm.Itlquad.I_tst_top<7>.I4<5>.I_jcb,231,0
.Ipsm.Itlquad.I_tst_top<7>.I4<6>.I_jcb,233,0
.Ipsm.Itlquad.I_tst_top<7>.I4<7>.I_jcb,234,0
.Ipsm.Itlquad.I_tst_top<8>.I0<0>.I_jcb,235,0
.Ipsm.Itlquad.I_tst_top<8>.I0<1>.I_jcb,239,0
.Ipsm.Itlquad.I_tst_top<8>.I0<2>.I_jcb,242,0
.Ipsm.Itlquad.I_tst_top<8>.I0<3>.I_jcb,246,0
.Ipsm.Itlquad.I_tst_top<8>.I3<0>.I_jcb,249,0
.Ipsm.Itlquad.I_tst_top<8>.I3<1>.I_jcb,250,0
.Ipsm.Itlquad.I_tst_top<8>.I4<0>.I_jcb,252,0
.Ipsm.Itlquad.I_tst_top<8>.I4<1>.I_jcb,253,0
.Ipsm.Itlquad.I_tst_top<8>.I4<2>.I_jcb,254,0
.Ipsm.Itlquad.I_tst_top<8>.I4<3>.I_jcb,255,0
.Ipsm.Itlquad.I_tst_top<8>.I4<4>.I_jcb,256,0
.Ipsm.Itlquad.I_tst_top<8>.I4<5>.I_jcb,257,0
.Ipsm.Itlquad.I_tst_top<8>.I4<6>.I_jcb,259,0
.Ipsm.Itlquad.I_tst_top<8>.I4<7>.I_jcb,260,0
.Ipsm.Itlquad.I_tst_top<9>.I0<0>.I_jcb,261,0
.Ipsm.Itlquad.I_tst_top<9>.I0<1>.I_jcb,265,0
.Ipsm.Itlquad.I_tst_top<9>.I0<2>.I_jcb,268,0
.Ipsm.Itlquad.I_tst_top<9>.I0<3>.I_jcb,272,0
.Ipsm.Itlquad.I_tst_top<9>.I3<0>.I_jcb,275,0
.Ipsm.Itlquad.I_tst_top<9>.I3<1>.I_jcb,276,0
.Ipsm.Itlquad.I_tst_top<9>.I4<0>.I_jcb,278,0
.Ipsm.Itlquad.I_tst_top<9>.I4<1>.I_jcb,279,0
.Ipsm.Itlquad.I_tst_top<9>.I4<2>.I_jcb,280,0
.Ipsm.Itlquad.I_tst_top<9>.I4<3>.I_jcb,281,0
.Ipsm.Itlquad.I_tst_top<9>.I4<4>.I_jcb,282,0
.Ipsm.Itlquad.I_tst_top<9>.I4<5>.I_jcb,283,0
.Ipsm.Itlquad.I_tst_top<9>.I4<6>.I_jcb,285,0
.Ipsm.Itlquad.I_tst_top<9>.I4<7>.I_jcb,286,0
.Ipsm.Itrquad.I_tst_right<0>.J_H1<0>.I_jcb,885,30
.Ipsm.Itrquad.I_tst_right<0>.J_H1<1>.I_jcb,885,32
.Ipsm.Itrquad.I_tst_right<0>.J_H1<2>.I_jcb,885,33
.Ipsm.Itrquad.I_tst_right<0>.J_H1<3>.I_jcb,885,35
.Ipsm.Itrquad.I_tst_right<0>.J_H2<0>.I_jcb,885,37
.Ipsm.Itrquad.I_tst_right<0>.J_H2<1>.I_jcb,885,38
.Ipsm.Itrquad.I_tst_right<0>.J_H4<0>.I_jcb,885,40
.Ipsm.Itrquad.I_tst_right<0>.J_H4<1>.I_jcb,885,42
.Ipsm.Itrquad.I_tst_right<0>.J_H4<2>.I_jcb,885,44
.Ipsm.Itrquad.I_tst_right<0>.J_H4<3>.I_jcb,885,46
.Ipsm.Itrquad.I_tst_right<0>.J_H4<4>.I_jcb,885,48
.Ipsm.Itrquad.I_tst_right<0>.J_H4<5>.I_jcb,885,49
.Ipsm.Itrquad.I_tst_right<0>.J_H4<6>.I_jcb,885,52
.Ipsm.Itrquad.I_tst_right<0>.J_H4<7>.I_jcb,885,28
.Ipsm.Itrquad.I_tst_right<10>.J_H1<0>.I_jcb,885,291
.Ipsm.Itrquad.I_tst_right<10>.J_H1<1>.I_jcb,885,293
.Ipsm.Itrquad.I_tst_right<10>.J_H1<2>.I_jcb,885,294
.Ipsm.Itrquad.I_tst_right<10>.J_H1<3>.I_jcb,885,296
.Ipsm.Itrquad.I_tst_right<10>.J_H2<0>.I_jcb,885,298
.Ipsm.Itrquad.I_tst_right<10>.J_H2<1>.I_jcb,885,299
.Ipsm.Itrquad.I_tst_right<10>.J_H4<0>.I_jcb,885,301
.Ipsm.Itrquad.I_tst_right<10>.J_H4<1>.I_jcb,885,303
.Ipsm.Itrquad.I_tst_right<10>.J_H4<2>.I_jcb,885,305
.Ipsm.Itrquad.I_tst_right<10>.J_H4<3>.I_jcb,885,307
.Ipsm.Itrquad.I_tst_right<10>.J_H4<4>.I_jcb,885,309
.Ipsm.Itrquad.I_tst_right<10>.J_H4<5>.I_jcb,885,310
.Ipsm.Itrquad.I_tst_right<10>.J_H4<6>.I_jcb,885,313
.Ipsm.Itrquad.I_tst_right<10>.J_H4<7>.I_jcb,885,289
.Ipsm.Itrquad.I_tst_right<11>.J_H1<0>.I_jcb,885,317
.Ipsm.Itrquad.I_tst_right<11>.J_H1<1>.I_jcb,885,319
.Ipsm.Itrquad.I_tst_right<11>.J_H1<2>.I_jcb,885,320
.Ipsm.Itrquad.I_tst_right<11>.J_H1<3>.I_jcb,885,322
.Ipsm.Itrquad.I_tst_right<11>.J_H2<0>.I_jcb,885,324
.Ipsm.Itrquad.I_tst_right<11>.J_H2<1>.I_jcb,885,325
.Ipsm.Itrquad.I_tst_right<11>.J_H4<0>.I_jcb,885,327
.Ipsm.Itrquad.I_tst_right<11>.J_H4<1>.I_jcb,885,329
.Ipsm.Itrquad.I_tst_right<11>.J_H4<2>.I_jcb,885,331
.Ipsm.Itrquad.I_tst_right<11>.J_H4<3>.I_jcb,885,333
.Ipsm.Itrquad.I_tst_right<11>.J_H4<4>.I_jcb,885,335
.Ipsm.Itrquad.I_tst_right<11>.J_H4<5>.I_jcb,885,336
.Ipsm.Itrquad.I_tst_right<11>.J_H4<6>.I_jcb,885,339
.Ipsm.Itrquad.I_tst_right<11>.J_H4<7>.I_jcb,885,315
.Ipsm.Itrquad.I_tst_right<12>.J_H1<0>.I_jcb,885,343
.Ipsm.Itrquad.I_tst_right<12>.J_H1<1>.I_jcb,885,345
.Ipsm.Itrquad.I_tst_right<12>.J_H1<2>.I_jcb,885,346
.Ipsm.Itrquad.I_tst_right<12>.J_H1<3>.I_jcb,885,348
.Ipsm.Itrquad.I_tst_right<12>.J_H2<0>.I_jcb,885,350
.Ipsm.Itrquad.I_tst_right<12>.J_H2<1>.I_jcb,885,351
.Ipsm.Itrquad.I_tst_right<12>.J_H4<0>.I_jcb,885,353
.Ipsm.Itrquad.I_tst_right<12>.J_H4<1>.I_jcb,885,355
.Ipsm.Itrquad.I_tst_right<12>.J_H4<2>.I_jcb,885,357
.Ipsm.Itrquad.I_tst_right<12>.J_H4<3>.I_jcb,885,359
.Ipsm.Itrquad.I_tst_right<12>.J_H4<4>.I_jcb,885,361
.Ipsm.Itrquad.I_tst_right<12>.J_H4<5>.I_jcb,885,362
.Ipsm.Itrquad.I_tst_right<12>.J_H4<6>.I_jcb,885,365
.Ipsm.Itrquad.I_tst_right<12>.J_H4<7>.I_jcb,885,341
.Ipsm.Itrquad.I_tst_right<13>.J_H1<0>.I_jcb,885,369
.Ipsm.Itrquad.I_tst_right<13>.J_H1<1>.I_jcb,885,371
.Ipsm.Itrquad.I_tst_right<13>.J_H1<2>.I_jcb,885,372
.Ipsm.Itrquad.I_tst_right<13>.J_H1<3>.I_jcb,885,374
.Ipsm.Itrquad.I_tst_right<13>.J_H2<0>.I_jcb,885,376
.Ipsm.Itrquad.I_tst_right<13>.J_H2<1>.I_jcb,885,377
.Ipsm.Itrquad.I_tst_right<13>.J_H4<0>.I_jcb,885,379
.Ipsm.Itrquad.I_tst_right<13>.J_H4<1>.I_jcb,885,381
.Ipsm.Itrquad.I_tst_right<13>.J_H4<2>.I_jcb,885,383
.Ipsm.Itrquad.I_tst_right<13>.J_H4<3>.I_jcb,885,385
.Ipsm.Itrquad.I_tst_right<13>.J_H4<4>.I_jcb,885,387
.Ipsm.Itrquad.I_tst_right<13>.J_H4<5>.I_jcb,885,388
.Ipsm.Itrquad.I_tst_right<13>.J_H4<6>.I_jcb,885,391
.Ipsm.Itrquad.I_tst_right<13>.J_H4<7>.I_jcb,885,367
.Ipsm.Itrquad.I_tst_right<14>.J_H1<0>.I_jcb,885,395
.Ipsm.Itrquad.I_tst_right<14>.J_H1<1>.I_jcb,885,397
.Ipsm.Itrquad.I_tst_right<14>.J_H1<2>.I_jcb,885,398
.Ipsm.Itrquad.I_tst_right<14>.J_H1<3>.I_jcb,885,400
.Ipsm.Itrquad.I_tst_right<14>.J_H2<0>.I_jcb,885,402
.Ipsm.Itrquad.I_tst_right<14>.J_H2<1>.I_jcb,885,403
.Ipsm.Itrquad.I_tst_right<14>.J_H4<0>.I_jcb,885,405
.Ipsm.Itrquad.I_tst_right<14>.J_H4<1>.I_jcb,885,407
.Ipsm.Itrquad.I_tst_right<14>.J_H4<2>.I_jcb,885,409
.Ipsm.Itrquad.I_tst_right<14>.J_H4<3>.I_jcb,885,411
.Ipsm.Itrquad.I_tst_right<14>.J_H4<4>.I_jcb,885,413
.Ipsm.Itrquad.I_tst_right<14>.J_H4<5>.I_jcb,885,414
.Ipsm.Itrquad.I_tst_right<14>.J_H4<6>.I_jcb,885,417
.Ipsm.Itrquad.I_tst_right<14>.J_H4<7>.I_jcb,885,393
.Ipsm.Itrquad.I_tst_right<15>.J_H1<0>.I_jcb,885,421
.Ipsm.Itrquad.I_tst_right<15>.J_H1<1>.I_jcb,885,423
.Ipsm.Itrquad.I_tst_right<15>.J_H1<2>.I_jcb,885,424
.Ipsm.Itrquad.I_tst_right<15>.J_H1<3>.I_jcb,885,426
.Ipsm.Itrquad.I_tst_right<15>.J_H2<0>.I_jcb,885,428
.Ipsm.Itrquad.I_tst_right<15>.J_H2<1>.I_jcb,885,429
.Ipsm.Itrquad.I_tst_right<15>.J_H4<0>.I_jcb,885,431
.Ipsm.Itrquad.I_tst_right<15>.J_H4<1>.I_jcb,885,433
.Ipsm.Itrquad.I_tst_right<15>.J_H4<2>.I_jcb,885,435
.Ipsm.Itrquad.I_tst_right<15>.J_H4<3>.I_jcb,885,437
.Ipsm.Itrquad.I_tst_right<15>.J_H4<4>.I_jcb,885,439
.Ipsm.Itrquad.I_tst_right<15>.J_H4<5>.I_jcb,885,440
.Ipsm.Itrquad.I_tst_right<15>.J_H4<6>.I_jcb,885,443
.Ipsm.Itrquad.I_tst_right<15>.J_H4<7>.I_jcb,885,419
.Ipsm.Itrquad.I_tst_right<1>.J_H1<0>.I_jcb,885,56
.Ipsm.Itrquad.I_tst_right<1>.J_H1<1>.I_jcb,885,58
.Ipsm.Itrquad.I_tst_right<1>.J_H1<2>.I_jcb,885,59
.Ipsm.Itrquad.I_tst_right<1>.J_H1<3>.I_jcb,885,61
.Ipsm.Itrquad.I_tst_right<1>.J_H2<0>.I_jcb,885,63
.Ipsm.Itrquad.I_tst_right<1>.J_H2<1>.I_jcb,885,64
.Ipsm.Itrquad.I_tst_right<1>.J_H4<0>.I_jcb,885,66
.Ipsm.Itrquad.I_tst_right<1>.J_H4<1>.I_jcb,885,68
.Ipsm.Itrquad.I_tst_right<1>.J_H4<2>.I_jcb,885,70
.Ipsm.Itrquad.I_tst_right<1>.J_H4<3>.I_jcb,885,72
.Ipsm.Itrquad.I_tst_right<1>.J_H4<4>.I_jcb,885,74
.Ipsm.Itrquad.I_tst_right<1>.J_H4<5>.I_jcb,885,75
.Ipsm.Itrquad.I_tst_right<1>.J_H4<6>.I_jcb,885,78
.Ipsm.Itrquad.I_tst_right<1>.J_H4<7>.I_jcb,885,54
.Ipsm.Itrquad.I_tst_right<2>.J_H1<0>.I_jcb,885,82
.Ipsm.Itrquad.I_tst_right<2>.J_H1<1>.I_jcb,885,84
.Ipsm.Itrquad.I_tst_right<2>.J_H1<2>.I_jcb,885,85
.Ipsm.Itrquad.I_tst_right<2>.J_H1<3>.I_jcb,885,87
.Ipsm.Itrquad.I_tst_right<2>.J_H2<0>.I_jcb,885,89
.Ipsm.Itrquad.I_tst_right<2>.J_H2<1>.I_jcb,885,90
.Ipsm.Itrquad.I_tst_right<2>.J_H4<0>.I_jcb,885,92
.Ipsm.Itrquad.I_tst_right<2>.J_H4<1>.I_jcb,885,94
.Ipsm.Itrquad.I_tst_right<2>.J_H4<2>.I_jcb,885,96
.Ipsm.Itrquad.I_tst_right<2>.J_H4<3>.I_jcb,885,98
.Ipsm.Itrquad.I_tst_right<2>.J_H4<4>.I_jcb,885,100
.Ipsm.Itrquad.I_tst_right<2>.J_H4<5>.I_jcb,885,101
.Ipsm.Itrquad.I_tst_right<2>.J_H4<6>.I_jcb,885,104
.Ipsm.Itrquad.I_tst_right<2>.J_H4<7>.I_jcb,885,80
.Ipsm.Itrquad.I_tst_right<3>.J_H1<0>.I_jcb,885,108
.Ipsm.Itrquad.I_tst_right<3>.J_H1<1>.I_jcb,885,110
.Ipsm.Itrquad.I_tst_right<3>.J_H1<2>.I_jcb,885,111
.Ipsm.Itrquad.I_tst_right<3>.J_H1<3>.I_jcb,885,113
.Ipsm.Itrquad.I_tst_right<3>.J_H2<0>.I_jcb,885,115
.Ipsm.Itrquad.I_tst_right<3>.J_H2<1>.I_jcb,885,116
.Ipsm.Itrquad.I_tst_right<3>.J_H4<0>.I_jcb,885,118
.Ipsm.Itrquad.I_tst_right<3>.J_H4<1>.I_jcb,885,120
.Ipsm.Itrquad.I_tst_right<3>.J_H4<2>.I_jcb,885,122
.Ipsm.Itrquad.I_tst_right<3>.J_H4<3>.I_jcb,885,124
.Ipsm.Itrquad.I_tst_right<3>.J_H4<4>.I_jcb,885,126
.Ipsm.Itrquad.I_tst_right<3>.J_H4<5>.I_jcb,885,127
.Ipsm.Itrquad.I_tst_right<3>.J_H4<6>.I_jcb,885,130
.Ipsm.Itrquad.I_tst_right<3>.J_H4<7>.I_jcb,885,106
.Ipsm.Itrquad.I_tst_right<4>.J_H1<0>.I_jcb,885,134
.Ipsm.Itrquad.I_tst_right<4>.J_H1<1>.I_jcb,885,136
.Ipsm.Itrquad.I_tst_right<4>.J_H1<2>.I_jcb,885,137
.Ipsm.Itrquad.I_tst_right<4>.J_H1<3>.I_jcb,885,139
.Ipsm.Itrquad.I_tst_right<4>.J_H2<0>.I_jcb,885,141
.Ipsm.Itrquad.I_tst_right<4>.J_H2<1>.I_jcb,885,142
.Ipsm.Itrquad.I_tst_right<4>.J_H4<0>.I_jcb,885,144
.Ipsm.Itrquad.I_tst_right<4>.J_H4<1>.I_jcb,885,146
.Ipsm.Itrquad.I_tst_right<4>.J_H4<2>.I_jcb,885,148
.Ipsm.Itrquad.I_tst_right<4>.J_H4<3>.I_jcb,885,150
.Ipsm.Itrquad.I_tst_right<4>.J_H4<4>.I_jcb,885,152
.Ipsm.Itrquad.I_tst_right<4>.J_H4<5>.I_jcb,885,153
.Ipsm.Itrquad.I_tst_right<4>.J_H4<6>.I_jcb,885,156
.Ipsm.Itrquad.I_tst_right<4>.J_H4<7>.I_jcb,885,132
.Ipsm.Itrquad.I_tst_right<5>.J_H1<0>.I_jcb,885,160
.Ipsm.Itrquad.I_tst_right<5>.J_H1<1>.I_jcb,885,162
.Ipsm.Itrquad.I_tst_right<5>.J_H1<2>.I_jcb,885,163
.Ipsm.Itrquad.I_tst_right<5>.J_H1<3>.I_jcb,885,165
.Ipsm.Itrquad.I_tst_right<5>.J_H2<0>.I_jcb,885,167
.Ipsm.Itrquad.I_tst_right<5>.J_H2<1>.I_jcb,885,168
.Ipsm.Itrquad.I_tst_right<5>.J_H4<0>.I_jcb,885,170
.Ipsm.Itrquad.I_tst_right<5>.J_H4<1>.I_jcb,885,172
.Ipsm.Itrquad.I_tst_right<5>.J_H4<2>.I_jcb,885,174
.Ipsm.Itrquad.I_tst_right<5>.J_H4<3>.I_jcb,885,176
.Ipsm.Itrquad.I_tst_right<5>.J_H4<4>.I_jcb,885,178
.Ipsm.Itrquad.I_tst_right<5>.J_H4<5>.I_jcb,885,179
.Ipsm.Itrquad.I_tst_right<5>.J_H4<6>.I_jcb,885,182
.Ipsm.Itrquad.I_tst_right<5>.J_H4<7>.I_jcb,885,158
.Ipsm.Itrquad.I_tst_right<6>.J_H1<0>.I_jcb,885,186
.Ipsm.Itrquad.I_tst_right<6>.J_H1<1>.I_jcb,885,188
.Ipsm.Itrquad.I_tst_right<6>.J_H1<2>.I_jcb,885,189
.Ipsm.Itrquad.I_tst_right<6>.J_H1<3>.I_jcb,885,191
.Ipsm.Itrquad.I_tst_right<6>.J_H2<0>.I_jcb,885,193
.Ipsm.Itrquad.I_tst_right<6>.J_H2<1>.I_jcb,885,194
.Ipsm.Itrquad.I_tst_right<6>.J_H4<0>.I_jcb,885,196
.Ipsm.Itrquad.I_tst_right<6>.J_H4<1>.I_jcb,885,198
.Ipsm.Itrquad.I_tst_right<6>.J_H4<2>.I_jcb,885,200
.Ipsm.Itrquad.I_tst_right<6>.J_H4<3>.I_jcb,885,202
.Ipsm.Itrquad.I_tst_right<6>.J_H4<4>.I_jcb,885,204
.Ipsm.Itrquad.I_tst_right<6>.J_H4<5>.I_jcb,885,205
.Ipsm.Itrquad.I_tst_right<6>.J_H4<6>.I_jcb,885,208
.Ipsm.Itrquad.I_tst_right<6>.J_H4<7>.I_jcb,885,184
.Ipsm.Itrquad.I_tst_right<7>.J_H1<0>.I_jcb,885,212
.Ipsm.Itrquad.I_tst_right<7>.J_H1<1>.I_jcb,885,214
.Ipsm.Itrquad.I_tst_right<7>.J_H1<2>.I_jcb,885,215
.Ipsm.Itrquad.I_tst_right<7>.J_H1<3>.I_jcb,885,217
.Ipsm.Itrquad.I_tst_right<7>.J_H2<0>.I_jcb,885,219
.Ipsm.Itrquad.I_tst_right<7>.J_H2<1>.I_jcb,885,220
.Ipsm.Itrquad.I_tst_right<7>.J_H4<0>.I_jcb,885,222
.Ipsm.Itrquad.I_tst_right<7>.J_H4<1>.I_jcb,885,224
.Ipsm.Itrquad.I_tst_right<7>.J_H4<2>.I_jcb,885,226
.Ipsm.Itrquad.I_tst_right<7>.J_H4<3>.I_jcb,885,228
.Ipsm.Itrquad.I_tst_right<7>.J_H4<4>.I_jcb,885,230
.Ipsm.Itrquad.I_tst_right<7>.J_H4<5>.I_jcb,885,231
.Ipsm.Itrquad.I_tst_right<7>.J_H4<6>.I_jcb,885,234
.Ipsm.Itrquad.I_tst_right<7>.J_H4<7>.I_jcb,885,210
.Ipsm.Itrquad.I_tst_right<8>.J_H1<0>.I_jcb,885,239
.Ipsm.Itrquad.I_tst_right<8>.J_H1<1>.I_jcb,885,241
.Ipsm.Itrquad.I_tst_right<8>.J_H1<2>.I_jcb,885,242
.Ipsm.Itrquad.I_tst_right<8>.J_H1<3>.I_jcb,885,244
.Ipsm.Itrquad.I_tst_right<8>.J_H2<0>.I_jcb,885,246
.Ipsm.Itrquad.I_tst_right<8>.J_H2<1>.I_jcb,885,247
.Ipsm.Itrquad.I_tst_right<8>.J_H4<0>.I_jcb,885,249
.Ipsm.Itrquad.I_tst_right<8>.J_H4<1>.I_jcb,885,251
.Ipsm.Itrquad.I_tst_right<8>.J_H4<2>.I_jcb,885,253
.Ipsm.Itrquad.I_tst_right<8>.J_H4<3>.I_jcb,885,255
.Ipsm.Itrquad.I_tst_right<8>.J_H4<4>.I_jcb,885,257
.Ipsm.Itrquad.I_tst_right<8>.J_H4<5>.I_jcb,885,258
.Ipsm.Itrquad.I_tst_right<8>.J_H4<6>.I_jcb,885,261
.Ipsm.Itrquad.I_tst_right<8>.J_H4<7>.I_jcb,885,237
.Ipsm.Itrquad.I_tst_right<9>.J_H1<0>.I_jcb,885,265
.Ipsm.Itrquad.I_tst_right<9>.J_H1<1>.I_jcb,885,267
.Ipsm.Itrquad.I_tst_right<9>.J_H1<2>.I_jcb,885,268
.Ipsm.Itrquad.I_tst_right<9>.J_H1<3>.I_jcb,885,270
.Ipsm.Itrquad.I_tst_right<9>.J_H2<0>.I_jcb,885,272
.Ipsm.Itrquad.I_tst_right<9>.J_H2<1>.I_jcb,885,273
.Ipsm.Itrquad.I_tst_right<9>.J_H4<0>.I_jcb,885,275
.Ipsm.Itrquad.I_tst_right<9>.J_H4<1>.I_jcb,885,277
.Ipsm.Itrquad.I_tst_right<9>.J_H4<2>.I_jcb,885,279
.Ipsm.Itrquad.I_tst_right<9>.J_H4<3>.I_jcb,885,281
.Ipsm.Itrquad.I_tst_right<9>.J_H4<4>.I_jcb,885,283
.Ipsm.Itrquad.I_tst_right<9>.J_H4<5>.I_jcb,885,284
.Ipsm.Itrquad.I_tst_right<9>.J_H4<6>.I_jcb,885,287
.Ipsm.Itrquad.I_tst_right<9>.J_H4<7>.I_jcb,885,263
.Ipsm.Itrquad.I_tst_rt.J_H1<0>.I_jcb,859,4
.Ipsm.Itrquad.I_tst_rt.J_H1<1>.I_jcb,859,6
.Ipsm.Itrquad.I_tst_rt.J_H1<2>.I_jcb,859,7
.Ipsm.Itrquad.I_tst_rt.J_H1<3>.I_jcb,859,9
.Ipsm.Itrquad.I_tst_rt.J_H2<0>.I_jcb,859,11
.Ipsm.Itrquad.I_tst_rt.J_H2<1>.I_jcb,859,12
.Ipsm.Itrquad.I_tst_rt.J_H4<0>.I_jcb,859,14
.Ipsm.Itrquad.I_tst_rt.J_H4<1>.I_jcb,859,16
.Ipsm.Itrquad.I_tst_rt.J_H4<2>.I_jcb,859,18
.Ipsm.Itrquad.I_tst_rt.J_H4<3>.I_jcb,859,20
.Ipsm.Itrquad.I_tst_rt.J_H4<4>.I_jcb,859,22
.Ipsm.Itrquad.I_tst_rt.J_H4<5>.I_jcb,859,23
.Ipsm.Itrquad.I_tst_rt.J_H4<6>.I_jcb,859,26
.Ipsm.Itrquad.I_tst_rt.J_H4<7>.I_jcb,859,2
.Ipsm.Itrquad.I_tst_top<0>.I0<0>.I_jcb,443,0
.Ipsm.Itrquad.I_tst_top<0>.I0<1>.I_jcb,447,0
.Ipsm.Itrquad.I_tst_top<0>.I0<2>.I_jcb,450,0
.Ipsm.Itrquad.I_tst_top<0>.I0<3>.I_jcb,454,0
.Ipsm.Itrquad.I_tst_top<0>.I3<0>.I_jcb,457,0
.Ipsm.Itrquad.I_tst_top<0>.I3<1>.I_jcb,458,0
.Ipsm.Itrquad.I_tst_top<0>.I4<0>.I_jcb,460,0
.Ipsm.Itrquad.I_tst_top<0>.I4<1>.I_jcb,461,0
.Ipsm.Itrquad.I_tst_top<0>.I4<2>.I_jcb,462,0
.Ipsm.Itrquad.I_tst_top<0>.I4<3>.I_jcb,463,0
.Ipsm.Itrquad.I_tst_top<0>.I4<4>.I_jcb,464,0
.Ipsm.Itrquad.I_tst_top<0>.I4<5>.I_jcb,465,0
.Ipsm.Itrquad.I_tst_top<0>.I4<6>.I_jcb,467,0
.Ipsm.Itrquad.I_tst_top<0>.I4<7>.I_jcb,468,0
.Ipsm.Itrquad.I_tst_top<10>.I0<0>.I_jcb,703,0
.Ipsm.Itrquad.I_tst_top<10>.I0<1>.I_jcb,707,0
.Ipsm.Itrquad.I_tst_top<10>.I0<2>.I_jcb,710,0
.Ipsm.Itrquad.I_tst_top<10>.I0<3>.I_jcb,714,0
.Ipsm.Itrquad.I_tst_top<10>.I3<0>.I_jcb,717,0
.Ipsm.Itrquad.I_tst_top<10>.I3<1>.I_jcb,718,0
.Ipsm.Itrquad.I_tst_top<10>.I4<0>.I_jcb,720,0
.Ipsm.Itrquad.I_tst_top<10>.I4<1>.I_jcb,721,0
.Ipsm.Itrquad.I_tst_top<10>.I4<2>.I_jcb,722,0
.Ipsm.Itrquad.I_tst_top<10>.I4<3>.I_jcb,723,0
.Ipsm.Itrquad.I_tst_top<10>.I4<4>.I_jcb,724,0
.Ipsm.Itrquad.I_tst_top<10>.I4<5>.I_jcb,725,0
.Ipsm.Itrquad.I_tst_top<10>.I4<6>.I_jcb,727,0
.Ipsm.Itrquad.I_tst_top<10>.I4<7>.I_jcb,728,0
.Ipsm.Itrquad.I_tst_top<11>.I0<0>.I_jcb,729,0
.Ipsm.Itrquad.I_tst_top<11>.I0<1>.I_jcb,733,0
.Ipsm.Itrquad.I_tst_top<11>.I0<2>.I_jcb,736,0
.Ipsm.Itrquad.I_tst_top<11>.I0<3>.I_jcb,740,0
.Ipsm.Itrquad.I_tst_top<11>.I3<0>.I_jcb,743,0
.Ipsm.Itrquad.I_tst_top<11>.I3<1>.I_jcb,744,0
.Ipsm.Itrquad.I_tst_top<11>.I4<0>.I_jcb,746,0
.Ipsm.Itrquad.I_tst_top<11>.I4<1>.I_jcb,747,0
.Ipsm.Itrquad.I_tst_top<11>.I4<2>.I_jcb,748,0
.Ipsm.Itrquad.I_tst_top<11>.I4<3>.I_jcb,749,0
.Ipsm.Itrquad.I_tst_top<11>.I4<4>.I_jcb,750,0
.Ipsm.Itrquad.I_tst_top<11>.I4<5>.I_jcb,751,0
.Ipsm.Itrquad.I_tst_top<11>.I4<6>.I_jcb,753,0
.Ipsm.Itrquad.I_tst_top<11>.I4<7>.I_jcb,754,0
.Ipsm.Itrquad.I_tst_top<12>.I0<0>.I_jcb,755,0
.Ipsm.Itrquad.I_tst_top<12>.I0<1>.I_jcb,759,0
.Ipsm.Itrquad.I_tst_top<12>.I0<2>.I_jcb,762,0
.Ipsm.Itrquad.I_tst_top<12>.I0<3>.I_jcb,766,0
.Ipsm.Itrquad.I_tst_top<12>.I3<0>.I_jcb,769,0
.Ipsm.Itrquad.I_tst_top<12>.I3<1>.I_jcb,770,0
.Ipsm.Itrquad.I_tst_top<12>.I4<0>.I_jcb,772,0
.Ipsm.Itrquad.I_tst_top<12>.I4<1>.I_jcb,773,0
.Ipsm.Itrquad.I_tst_top<12>.I4<2>.I_jcb,774,0
.Ipsm.Itrquad.I_tst_top<12>.I4<3>.I_jcb,775,0
.Ipsm.Itrquad.I_tst_top<12>.I4<4>.I_jcb,776,0
.Ipsm.Itrquad.I_tst_top<12>.I4<5>.I_jcb,777,0
.Ipsm.Itrquad.I_tst_top<12>.I4<6>.I_jcb,779,0
.Ipsm.Itrquad.I_tst_top<12>.I4<7>.I_jcb,780,0
.Ipsm.Itrquad.I_tst_top<13>.I0<0>.I_jcb,781,0
.Ipsm.Itrquad.I_tst_top<13>.I0<1>.I_jcb,785,0
.Ipsm.Itrquad.I_tst_top<13>.I0<2>.I_jcb,788,0
.Ipsm.Itrquad.I_tst_top<13>.I0<3>.I_jcb,792,0
.Ipsm.Itrquad.I_tst_top<13>.I3<0>.I_jcb,795,0
.Ipsm.Itrquad.I_tst_top<13>.I3<1>.I_jcb,796,0
.Ipsm.Itrquad.I_tst_top<13>.I4<0>.I_jcb,798,0
.Ipsm.Itrquad.I_tst_top<13>.I4<1>.I_jcb,799,0
.Ipsm.Itrquad.I_tst_top<13>.I4<2>.I_jcb,800,0
.Ipsm.Itrquad.I_tst_top<13>.I4<3>.I_jcb,801,0
.Ipsm.Itrquad.I_tst_top<13>.I4<4>.I_jcb,802,0
.Ipsm.Itrquad.I_tst_top<13>.I4<5>.I_jcb,803,0
.Ipsm.Itrquad.I_tst_top<13>.I4<6>.I_jcb,805,0
.Ipsm.Itrquad.I_tst_top<13>.I4<7>.I_jcb,806,0
.Ipsm.Itrquad.I_tst_top<14>.I0<0>.I_jcb,807,0
.Ipsm.Itrquad.I_tst_top<14>.I0<1>.I_jcb,811,0
.Ipsm.Itrquad.I_tst_top<14>.I0<2>.I_jcb,814,0
.Ipsm.Itrquad.I_tst_top<14>.I0<3>.I_jcb,818,0
.Ipsm.Itrquad.I_tst_top<14>.I3<0>.I_jcb,821,0
.Ipsm.Itrquad.I_tst_top<14>.I3<1>.I_jcb,822,0
.Ipsm.Itrquad.I_tst_top<14>.I4<0>.I_jcb,824,0
.Ipsm.Itrquad.I_tst_top<14>.I4<1>.I_jcb,825,0
.Ipsm.Itrquad.I_tst_top<14>.I4<2>.I_jcb,826,0
.Ipsm.Itrquad.I_tst_top<14>.I4<3>.I_jcb,827,0
.Ipsm.Itrquad.I_tst_top<14>.I4<4>.I_jcb,828,0
.Ipsm.Itrquad.I_tst_top<14>.I4<5>.I_jcb,829,0
.Ipsm.Itrquad.I_tst_top<14>.I4<6>.I_jcb,831,0
.Ipsm.Itrquad.I_tst_top<14>.I4<7>.I_jcb,832,0
.Ipsm.Itrquad.I_tst_top<15>.I0<0>.I_jcb,833,0
.Ipsm.Itrquad.I_tst_top<15>.I0<1>.I_jcb,837,0
.Ipsm.Itrquad.I_tst_top<15>.I0<2>.I_jcb,840,0
.Ipsm.Itrquad.I_tst_top<15>.I0<3>.I_jcb,844,0
.Ipsm.Itrquad.I_tst_top<15>.I3<0>.I_jcb,847,0
.Ipsm.Itrquad.I_tst_top<15>.I3<1>.I_jcb,848,0
.Ipsm.Itrquad.I_tst_top<15>.I4<0>.I_jcb,850,0
.Ipsm.Itrquad.I_tst_top<15>.I4<1>.I_jcb,851,0
.Ipsm.Itrquad.I_tst_top<15>.I4<2>.I_jcb,852,0
.Ipsm.Itrquad.I_tst_top<15>.I4<3>.I_jcb,853,0
.Ipsm.Itrquad.I_tst_top<15>.I4<4>.I_jcb,854,0
.Ipsm.Itrquad.I_tst_top<15>.I4<5>.I_jcb,855,0
.Ipsm.Itrquad.I_tst_top<15>.I4<6>.I_jcb,857,0
.Ipsm.Itrquad.I_tst_top<15>.I4<7>.I_jcb,858,0
.Ipsm.Itrquad.I_tst_top<1>.I0<0>.I_jcb,469,0
.Ipsm.Itrquad.I_tst_top<1>.I0<1>.I_jcb,473,0
.Ipsm.Itrquad.I_tst_top<1>.I0<2>.I_jcb,476,0
.Ipsm.Itrquad.I_tst_top<1>.I0<3>.I_jcb,480,0
.Ipsm.Itrquad.I_tst_top<1>.I3<0>.I_jcb,483,0
.Ipsm.Itrquad.I_tst_top<1>.I3<1>.I_jcb,484,0
.Ipsm.Itrquad.I_tst_top<1>.I4<0>.I_jcb,486,0
.Ipsm.Itrquad.I_tst_top<1>.I4<1>.I_jcb,487,0
.Ipsm.Itrquad.I_tst_top<1>.I4<2>.I_jcb,488,0
.Ipsm.Itrquad.I_tst_top<1>.I4<3>.I_jcb,489,0
.Ipsm.Itrquad.I_tst_top<1>.I4<4>.I_jcb,490,0
.Ipsm.Itrquad.I_tst_top<1>.I4<5>.I_jcb,491,0
.Ipsm.Itrquad.I_tst_top<1>.I4<6>.I_jcb,493,0
.Ipsm.Itrquad.I_tst_top<1>.I4<7>.I_jcb,494,0
.Ipsm.Itrquad.I_tst_top<2>.I0<0>.I_jcb,495,0
.Ipsm.Itrquad.I_tst_top<2>.I0<1>.I_jcb,499,0
.Ipsm.Itrquad.I_tst_top<2>.I0<2>.I_jcb,502,0
.Ipsm.Itrquad.I_tst_top<2>.I0<3>.I_jcb,506,0
.Ipsm.Itrquad.I_tst_top<2>.I3<0>.I_jcb,509,0
.Ipsm.Itrquad.I_tst_top<2>.I3<1>.I_jcb,510,0
.Ipsm.Itrquad.I_tst_top<2>.I4<0>.I_jcb,512,0
.Ipsm.Itrquad.I_tst_top<2>.I4<1>.I_jcb,513,0
.Ipsm.Itrquad.I_tst_top<2>.I4<2>.I_jcb,514,0
.Ipsm.Itrquad.I_tst_top<2>.I4<3>.I_jcb,515,0
.Ipsm.Itrquad.I_tst_top<2>.I4<4>.I_jcb,516,0
.Ipsm.Itrquad.I_tst_top<2>.I4<5>.I_jcb,517,0
.Ipsm.Itrquad.I_tst_top<2>.I4<6>.I_jcb,519,0
.Ipsm.Itrquad.I_tst_top<2>.I4<7>.I_jcb,520,0
.Ipsm.Itrquad.I_tst_top<3>.I0<0>.I_jcb,521,0
.Ipsm.Itrquad.I_tst_top<3>.I0<1>.I_jcb,525,0
.Ipsm.Itrquad.I_tst_top<3>.I0<2>.I_jcb,528,0
.Ipsm.Itrquad.I_tst_top<3>.I0<3>.I_jcb,532,0
.Ipsm.Itrquad.I_tst_top<3>.I3<0>.I_jcb,535,0
.Ipsm.Itrquad.I_tst_top<3>.I3<1>.I_jcb,536,0
.Ipsm.Itrquad.I_tst_top<3>.I4<0>.I_jcb,538,0
.Ipsm.Itrquad.I_tst_top<3>.I4<1>.I_jcb,539,0
.Ipsm.Itrquad.I_tst_top<3>.I4<2>.I_jcb,540,0
.Ipsm.Itrquad.I_tst_top<3>.I4<3>.I_jcb,541,0
.Ipsm.Itrquad.I_tst_top<3>.I4<4>.I_jcb,542,0
.Ipsm.Itrquad.I_tst_top<3>.I4<5>.I_jcb,543,0
.Ipsm.Itrquad.I_tst_top<3>.I4<6>.I_jcb,545,0
.Ipsm.Itrquad.I_tst_top<3>.I4<7>.I_jcb,546,0
.Ipsm.Itrquad.I_tst_top<4>.I0<0>.I_jcb,547,0
.Ipsm.Itrquad.I_tst_top<4>.I0<1>.I_jcb,551,0
.Ipsm.Itrquad.I_tst_top<4>.I0<2>.I_jcb,554,0
.Ipsm.Itrquad.I_tst_top<4>.I0<3>.I_jcb,558,0
.Ipsm.Itrquad.I_tst_top<4>.I3<0>.I_jcb,561,0
.Ipsm.Itrquad.I_tst_top<4>.I3<1>.I_jcb,562,0
.Ipsm.Itrquad.I_tst_top<4>.I4<0>.I_jcb,564,0
.Ipsm.Itrquad.I_tst_top<4>.I4<1>.I_jcb,565,0
.Ipsm.Itrquad.I_tst_top<4>.I4<2>.I_jcb,566,0
.Ipsm.Itrquad.I_tst_top<4>.I4<3>.I_jcb,567,0
.Ipsm.Itrquad.I_tst_top<4>.I4<4>.I_jcb,568,0
.Ipsm.Itrquad.I_tst_top<4>.I4<5>.I_jcb,569,0
.Ipsm.Itrquad.I_tst_top<4>.I4<6>.I_jcb,571,0
.Ipsm.Itrquad.I_tst_top<4>.I4<7>.I_jcb,572,0
.Ipsm.Itrquad.I_tst_top<5>.I0<0>.I_jcb,573,0
.Ipsm.Itrquad.I_tst_top<5>.I0<1>.I_jcb,577,0
.Ipsm.Itrquad.I_tst_top<5>.I0<2>.I_jcb,580,0
.Ipsm.Itrquad.I_tst_top<5>.I0<3>.I_jcb,584,0
.Ipsm.Itrquad.I_tst_top<5>.I3<0>.I_jcb,587,0
.Ipsm.Itrquad.I_tst_top<5>.I3<1>.I_jcb,588,0
.Ipsm.Itrquad.I_tst_top<5>.I4<0>.I_jcb,590,0
.Ipsm.Itrquad.I_tst_top<5>.I4<1>.I_jcb,591,0
.Ipsm.Itrquad.I_tst_top<5>.I4<2>.I_jcb,592,0
.Ipsm.Itrquad.I_tst_top<5>.I4<3>.I_jcb,593,0
.Ipsm.Itrquad.I_tst_top<5>.I4<4>.I_jcb,594,0
.Ipsm.Itrquad.I_tst_top<5>.I4<5>.I_jcb,595,0
.Ipsm.Itrquad.I_tst_top<5>.I4<6>.I_jcb,597,0
.Ipsm.Itrquad.I_tst_top<5>.I4<7>.I_jcb,598,0
.Ipsm.Itrquad.I_tst_top<6>.I0<0>.I_jcb,599,0
.Ipsm.Itrquad.I_tst_top<6>.I0<1>.I_jcb,603,0
.Ipsm.Itrquad.I_tst_top<6>.I0<2>.I_jcb,606,0
.Ipsm.Itrquad.I_tst_top<6>.I0<3>.I_jcb,610,0
.Ipsm.Itrquad.I_tst_top<6>.I3<0>.I_jcb,613,0
.Ipsm.Itrquad.I_tst_top<6>.I3<1>.I_jcb,614,0
.Ipsm.Itrquad.I_tst_top<6>.I4<0>.I_jcb,616,0
.Ipsm.Itrquad.I_tst_top<6>.I4<1>.I_jcb,617,0
.Ipsm.Itrquad.I_tst_top<6>.I4<2>.I_jcb,618,0
.Ipsm.Itrquad.I_tst_top<6>.I4<3>.I_jcb,619,0
.Ipsm.Itrquad.I_tst_top<6>.I4<4>.I_jcb,620,0
.Ipsm.Itrquad.I_tst_top<6>.I4<5>.I_jcb,621,0
.Ipsm.Itrquad.I_tst_top<6>.I4<6>.I_jcb,623,0
.Ipsm.Itrquad.I_tst_top<6>.I4<7>.I_jcb,624,0
.Ipsm.Itrquad.I_tst_top<7>.I0<0>.I_jcb,625,0
.Ipsm.Itrquad.I_tst_top<7>.I0<1>.I_jcb,629,0
.Ipsm.Itrquad.I_tst_top<7>.I0<2>.I_jcb,632,0
.Ipsm.Itrquad.I_tst_top<7>.I0<3>.I_jcb,636,0
.Ipsm.Itrquad.I_tst_top<7>.I3<0>.I_jcb,639,0
.Ipsm.Itrquad.I_tst_top<7>.I3<1>.I_jcb,640,0
.Ipsm.Itrquad.I_tst_top<7>.I4<0>.I_jcb,642,0
.Ipsm.Itrquad.I_tst_top<7>.I4<1>.I_jcb,643,0
.Ipsm.Itrquad.I_tst_top<7>.I4<2>.I_jcb,644,0
.Ipsm.Itrquad.I_tst_top<7>.I4<3>.I_jcb,645,0
.Ipsm.Itrquad.I_tst_top<7>.I4<4>.I_jcb,646,0
.Ipsm.Itrquad.I_tst_top<7>.I4<5>.I_jcb,647,0
.Ipsm.Itrquad.I_tst_top<7>.I4<6>.I_jcb,649,0
.Ipsm.Itrquad.I_tst_top<7>.I4<7>.I_jcb,650,0
.Ipsm.Itrquad.I_tst_top<8>.I0<0>.I_jcb,651,0
.Ipsm.Itrquad.I_tst_top<8>.I0<1>.I_jcb,655,0
.Ipsm.Itrquad.I_tst_top<8>.I0<2>.I_jcb,658,0
.Ipsm.Itrquad.I_tst_top<8>.I0<3>.I_jcb,662,0
.Ipsm.Itrquad.I_tst_top<8>.I3<0>.I_jcb,665,0
.Ipsm.Itrquad.I_tst_top<8>.I3<1>.I_jcb,666,0
.Ipsm.Itrquad.I_tst_top<8>.I4<0>.I_jcb,668,0
.Ipsm.Itrquad.I_tst_top<8>.I4<1>.I_jcb,669,0
.Ipsm.Itrquad.I_tst_top<8>.I4<2>.I_jcb,670,0
.Ipsm.Itrquad.I_tst_top<8>.I4<3>.I_jcb,671,0
.Ipsm.Itrquad.I_tst_top<8>.I4<4>.I_jcb,672,0
.Ipsm.Itrquad.I_tst_top<8>.I4<5>.I_jcb,673,0
.Ipsm.Itrquad.I_tst_top<8>.I4<6>.I_jcb,675,0
.Ipsm.Itrquad.I_tst_top<8>.I4<7>.I_jcb,676,0
.Ipsm.Itrquad.I_tst_top<9>.I0<0>.I_jcb,677,0
.Ipsm.Itrquad.I_tst_top<9>.I0<1>.I_jcb,681,0
.Ipsm.Itrquad.I_tst_top<9>.I0<2>.I_jcb,684,0
.Ipsm.Itrquad.I_tst_top<9>.I0<3>.I_jcb,688,0
.Ipsm.Itrquad.I_tst_top<9>.I3<0>.I_jcb,691,0
.Ipsm.Itrquad.I_tst_top<9>.I3<1>.I_jcb,692,0
.Ipsm.Itrquad.I_tst_top<9>.I4<0>.I_jcb,694,0
.Ipsm.Itrquad.I_tst_top<9>.I4<1>.I_jcb,695,0
.Ipsm.Itrquad.I_tst_top<9>.I4<2>.I_jcb,696,0
.Ipsm.Itrquad.I_tst_top<9>.I4<3>.I_jcb,697,0
.Ipsm.Itrquad.I_tst_top<9>.I4<4>.I_jcb,698,0
.Ipsm.Itrquad.I_tst_top<9>.I4<5>.I_jcb,699,0
.Ipsm.Itrquad.I_tst_top<9>.I4<6>.I_jcb,701,0
.Ipsm.Itrquad.I_tst_top<9>.I4<7>.I_jcb,702,0
.Ipsm.Itrquad.I_tst_tr.I0<0>.I_jcb,860,26
.Ipsm.Itrquad.I_tst_tr.I0<1>.I_jcb,863,26
.Ipsm.Itrquad.I_tst_tr.I0<2>.I_jcb,866,26
.Ipsm.Itrquad.I_tst_tr.I0<3>.I_jcb,870,26
.Ipsm.Itrquad.I_tst_tr.I3<0>.I_jcb,873,26
.Ipsm.Itrquad.I_tst_tr.I3<1>.I_jcb,874,26
.Ipsm.Itrquad.I_tst_tr.I4<0>.I_jcb,876,26
.Ipsm.Itrquad.I_tst_tr.I4<1>.I_jcb,877,26
.Ipsm.Itrquad.I_tst_tr.I4<2>.I_jcb,878,26
.Ipsm.Itrquad.I_tst_tr.I4<3>.I_jcb,879,26
.Ipsm.Itrquad.I_tst_tr.I4<4>.I_jcb,880,26
.Ipsm.Itrquad.I_tst_tr.I4<5>.I_jcb,881,26
.Ipsm.Itrquad.I_tst_tr.I4<6>.I_jcb,883,26
.Ipsm.Itrquad.I_tst_tr.I4<7>.I_jcb,884,26
